{
  "ads": null,
  "next": "i.js?q=Miss%20Murple&o=json&p=1&s=100&u=bing&l=us-en",
  "query": "Miss Murple",
  "queryEncoded": "Miss%20Murple",
  "response_type": "images",
  "results": [
    {
      "height": 800,
      "image": "https://static.fusionmovies.to/images/character/6kzwAE273gh2MEiJGLyAbm6N_03ajahxeuPydwN7pPSCjQy0K3gqNzsbcXCVhoHjjY1_s_3vEd4GmoacJMgFZz4XNabOGjh1WGwtJDMMkZw.jpg?1",
      "image_token": "cccfd5d7106d4d4dc1c6f832d2b9d528c20199eaa7836c00a33f7d01050e9273",
      "source": "Bing",
      "thumbnail": "https://tse2.mm.bing.net/th?id=OIP.p8Cr9bsYVqw1MaxLFklCsAHaEd&pid=Api",
      "thumbnail_token": "fef8319e8795fd25195379593f62178123b0872a15f840fb766e7462436ac6c6",
      "title": "Watch Movies and TV Shows with character Miss Marple for free! List of ...",
      "url": "https://www4.fusionmovies.to/character/yeKa7l036q/miss-marple",
      "width": 1326
    },
    {
      "height": 1104,
      "image": "https://3.bp.blogspot.com/-OWhn06aytUE/Wam0vhQKh7I/AAAAAAAABXE/EFMb9ZCrVS8IZ-K-3vCG59k1h8Daye2bQCLcBGAs/s1600/14%2BGeraldine%2BMcEwan.jpg",
      "image_token": "fa5370fcb4716b80262f5b44ba0ec14ed926ebd9bd37b05622e201434c5ace0b",
      "source": "Bing",
      "thumbnail": "https://tse1.mm.bing.net/th?id=OIP.dTm5uUxYTgvQ1LK3EofwcQHaLH&pid=Api",
      "thumbnail_token": "ce46dd5ca0d87aac84fc1556f61550c392bfdc02e47a4e20d34e7f5eea802c73",
      "title": "Miss Marple - a Film Review",
      "url": "https://filmtipforafilmtrip.blogspot.com/2017/09/miss-marple-film-review.html",
      "width": 736
    },
    {
      "height": 897,
      "image": "https://i.pinimg.com/736x/0c/bb/30/0cbb307c594f667ffedcfcab992260fe.jpg",
      "image_token": "82f1562a86a3c89458d4c99bb83a33365c3f0f4d70e2e4ef985ab9a7d89a7a24",
      "source": "Bing",
      "thumbnail": "https://tse4.mm.bing.net/th?id=OIP.iLdF3RJmruNMiPBQRx_bogHaJB&pid=Api",
      "thumbnail_token": "d781449a71980a3da356185d2782655de1dccc7a547601d328183ac36f1bee11",
      "title": "Miss Marple. Miss Marple (Joan Hickson). In my opinion, Joan Hickson ...",
      "url": "https://www.pinterest.com/pin/672584525590026194/",
      "width": 736
    },
    {
      "height": 800,
      "image": "https://2.bp.blogspot.com/-6NcbxHE0P6E/WamzFjw9KUI/AAAAAAAABWc/jDkb7UU7eU4Kwq6ac9IY3zgpIgevoe7NgCLcBGAs/s1600/05%2BHelen%2BHayes.jpg",
      "image_token": "36944ce305ac0f5dd0d0458587de662c839f122a8568f7bff1f3aa87de0a08f4",
      "source": "Bing",
      "thumbnail": "https://tse3.mm.bing.net/th?id=OIP.gABLkI8cBM2VNUW8xbrIUQHaEK&pid=Api",
      "thumbnail_token": "e1c627c65415f2611bf65f63eeb56dd69ec9674880e609aa8b23c0ee012a2a33",
      "title": "Miss Marple - a Film Review",
      "url": "https://filmtipforafilmtrip.blogspot.com/2017/09/miss-marple-film-review.html",
      "width": 1422
    },
    {
      "height": 600,
      "image": "https://timesofindia.indiatimes.com/thumb/msid-58838515,width-800,height-600,resizemode-4/58838515.jpg",
      "image_token": "01050440caa0636f0a351f471de6b746d963fc4e8e74cecdd7497eecc5ada1c8",
      "source": "Bing",
      "thumbnail": "https://tse2.mm.bing.net/th?id=OIP.GYMf4b8mCROIiC27b70UEQHaFj&pid=Api",
      "thumbnail_token": "d3117cfe316dff18717921b24077aaaa79cdc038f3bd0ef1c9b1d01dc88b79eb",
      "title": "Agatha Christie's Miss Marple to be adapted into TV series - Times of India",
      "url": "https://timesofindia.indiatimes.com/tv/news/english/agatha-christies-miss-marple-to-be-adapted-into-tv-series/articleshow/58838484.cms",
      "width": 800
    },
    {
      "height": 1200,
      "image": "https://images-na.ssl-images-amazon.com/images/I/71npoYg4UmL._RI_.jpg",
      "image_token": "2a5f0df95ac3fcf85ff3da535b25dd287fbfb994c8216be47f08f1dc62256669",
      "source": "Bing",
      "thumbnail": "https://tse4.mm.bing.net/th?id=OIP.kKnNE6r-q4ypJvMFP8EOVAHaFj&pid=Api",
      "thumbnail_token": "f5685367d839ee9829a2cdddf7eb062fc57000424e8529d47e18e06e3ff46593",
      "title": "Watch Miss Marple, Season 1 | Prime Video",
      "url": "https://www.amazon.com/Miss-Marple-Season-1/dp/B074MFHJ87",
      "width": 1600
    },
    {
      "height": 803,
      "image": "https://2.bp.blogspot.com/-mGCqP0o57bA/WamzyNZ5FUI/AAAAAAAABWw/iDpjzbi166gyMeAC3r5H4KOoKJKH_YA3wCLcBGAs/s1600/09%2BGeraldine%2BMcEwan%2B2.jpg",
      "image_token": "00eed35adf56cc0a568a05dba6b39f40067814a0f7910a146544ac50c811b2e1",
      "source": "Bing",
      "thumbnail": "https://tse1.mm.bing.net/th?id=OIP.fYD7WQw5cLzsSxXhzH_9IQHaEK&pid=Api",
      "thumbnail_token": "2e799c26276a5920265621efcf471378afe79bd2019d3c4dc8f2ef40616e8f92",
      "title": "Miss Marple - a Film Review",
      "url": "https://filmtipforafilmtrip.blogspot.com/2017/09/miss-marple-film-review.html",
      "width": 1429
    },
    {
      "height": 900,
      "image": "https://www.agathachristietorquay.co.uk/userfiles/og/Miss%20Marple%20-%20compressed.jpg",
      "image_token": "e8bb8355ed5b3e76e1ab44b4d0d9ab9b12fba360914b3b555c22f95c3ac6fcf1",
      "source": "Bing",
      "thumbnail": "https://tse2.mm.bing.net/th?id=OIP.Lkss0KCJATc9_ASZYLc-uAHaEK&pid=Api",
      "thumbnail_token": "cc9f97df7c6b14bce6753d1e9dab01ea628fba489276ffec590e566021d04568",
      "title": "Stories of spinster detective Miss Jane Marple | Agatha Christie Torquay",
      "url": "https://www.agathachristietorquay.co.uk/miss-marple-stories",
      "width": 1600
    },
    {
      "height": 576,
      "image": "https://images-na.ssl-images-amazon.com/images/S/sgp-catalog-images/region_US/BritBox-p05013zb-Full-Image_GalleryBackground-en-US-1564139867952._RI_.png",
      "image_token": "72f8badd714dd6127c9317f7ba7fc0b20e9c5970631357ace0061dcc4ccba095",
      "source": "Bing",
      "thumbnail": "https://tse1.mm.bing.net/th?id=OIP.zwo8s_oPKITFcybiZNLWWAHaEK&pid=Api",
      "thumbnail_token": "acde72f4c96f2bf35076df2aaea74f00009713d45e0a01229cbd988fd80af441",
      "title": "Watch Miss Marple, Season 1 | Prime Video",
      "url": "https://www.amazon.com/Miss-Marple-Season-1/dp/B074MFHJ87",
      "width": 1024
    },
    {
      "height": 800,
      "image": "https://womenandhollywood.com/wp-content/uploads/2019/03/miss-marple.jpg",
      "image_token": "fb506822604049d063bd4940f1cf465accd97ea50307cd003ae235a949fb9700",
      "source": "Bing",
      "thumbnail": "https://tse3.mm.bing.net/th?id=OIP.xB_0W1TBOMOeRJAk4jtiiQHaE8&pid=Api",
      "thumbnail_token": "102ac0cbca4051c75cf9c9d2f3162cda77e593f6ba761de90dbb13dc7f62c80c",
      "title": "Bruna Papandrea Producing Series Based on Agatha Christie's Miss Marple ...",
      "url": "https://womenandhollywood.com/bruna-papandrea-producing-series-based-on-agatha-christies-miss-marple-books/",
      "width": 1200
    },
    {
      "height": 490,
      "image": "https://i.pinimg.com/736x/a4/b9/59/a4b9591b9fd4f9e3e3705c8a2b6147e8.jpg",
      "image_token": "4d3d4bf44e97b80aae7fc4a834655b1270d8c0c9cad0930db30b8f8e05ce1a44",
      "source": "Bing",
      "thumbnail": "https://tse3.mm.bing.net/th?id=OIP.tt4nxavJLERJZ7HW_t-TqQHaE8&pid=Api",
      "thumbnail_token": "2b8d2b0630bc0003b4c2cc1f900e0f3871f179638701c6a2a09aa9c9db9c00e7",
      "title": "Eight Miss Marple Quotes | Miss marple, Female detective, Miss marple ...",
      "url": "https://www.pinterest.com/pin/322992604525785185/",
      "width": 735
    },
    {
      "height": 562,
      "image": "http://britishperioddramas.com/wp-content/uploads/2019/04/453.jpg",
      "image_token": "8c54bd6585192d8558f8505ca7455cda325e33923733562d7d612fb0f951b134",
      "source": "Bing",
      "thumbnail": "https://tse3.mm.bing.net/th?id=OIP.d7STDp0v_e_Xtl6egtfXaQHaEK&pid=Api",
      "thumbnail_token": "e590725d6e9836c0b36e06be1b9782066fbd7cfaf903e04848c953dc267be627",
      "title": "The best ever Miss Marple actress has been revealed - as voted by you ...",
      "url": "http://britishperioddramas.com/lists/best-ever-miss-marple-actress-poll-results/",
      "width": 1000
    },
    {
      "height": 3003,
      "image": "http://image.pbs.org/contentchannels/j2LWrwb-show-poster2x3-hTXcxY4.jpg",
      "image_token": "8de73b333d252ccb3b67f66f5a45398366a979823cd2c151ff677a5ce5e7abf7",
      "source": "Bing",
      "thumbnail": "https://tse3.mm.bing.net/th?id=OIP.EW91ACB4kMtWDwx2KDZxogHaLH&pid=Api",
      "thumbnail_token": "5e0258e44b5b77cfe3c6fd254ec2ab9efb65d0028576506048d6b2296d8eb409",
      "title": "Miss Marple - Masterpiece | Video | THIRTEEN - New York Public Media",
      "url": "http://www.thirteen.org/programs/miss-marple-masterpiece/",
      "width": 2000
    },
    {
      "height": 1134,
      "image": "https://4.bp.blogspot.com/-TY9jED9ARDU/Wam0J6xzGPI/AAAAAAAABW4/4N9Px8xS5NkI7lmbw6twPSKfg81OFtgoACLcBGAs/s1600/11%2BThe%2BSecret%2Bof%2BChimneys%2B2.jpg",
      "image_token": "fed663e8c93f8ca6db0f21c9a4ab7feea11676fa7af3dff2de3813236a4e3367",
      "source": "Bing",
      "thumbnail": "https://tse4.explicit.bing.net/th?id=OIP.rUveZU5hwm7COMU5FjQ8RAHaFP&pid=Api",
      "thumbnail_token": "0c33ea2fad21c5e489c6a36e0f2ff12456836285578cb6a05c96e3812322ece0",
      "title": "Miss Marple - a Film Review",
      "url": "https://filmtipforafilmtrip.blogspot.com/2017/09/miss-marple-film-review.html",
      "width": 1600
    },
    {
      "height": 1080,
      "image": "https://static.bb-static.com/shain/v1/dataservice/ResizeImage/$value?ImageUrl=198790.jpg",
      "image_token": "e61ad026b899b51a8ba2308c39db8dd58fd9ebcca159eb14de720d3cca460fd3",
      "source": "Bing",
      "thumbnail": "https://tse1.mm.bing.net/th?id=OIP.Ml1jijZBAHYy02_TQ-iMUgHaEK&pid=Api",
      "thumbnail_token": "d071f1e47a7a51b99e38e957ca05d476c440c037da0ec149585680145c2bf377",
      "title": "Is 'Miss Marple' (BBC) available to watch on BritBox UK - NewOnBritBoxUK",
      "url": "https://newonbritbox.info/info/46076",
      "width": 1920
    },
    {
      "height": 532,
      "image": "https://static.tornadomovies.co/images/character/Tn0N7bMLjtnndV6ysW1fi1gFggcIdxVI8d4N5T6uA3EK2mu_m4ZfvOg7pGB61mr-4XKcx_EbScS-NOnQhn9ptz-Pk0vhbOAY7vkOcjcVFq7Ljnm5Au62w-Lwp5ijsVEq.jpg?1&resize_w=320",
      "image_token": "e7febff2a5b86a6977ac651d6fbd0276b5aa70441c2fe21dbe9b5b89cd138b0f",
      "source": "Bing",
      "thumbnail": "https://tse4.mm.bing.net/th?id=OIP.trA3KWbFehWtQe1EQS8hiQHaE7&pid=Api",
      "thumbnail_token": "5a4156cef1a4a9c760c2e05c7aaae9a2be3d0949bc4d72a8ed607a3b3bea63c4",
      "title": "All about Miss Marple on Tornado Movies! List of films with a character ...",
      "url": "https://www4.tornadomovies.co/character/miss-marple-A8GXXUEsm7",
      "width": 800
    },
    {
      "height": 576,
      "image": "https://static.fusionmovies.to/images/character/1gARCAvbVhNvzFKmmrvLKEWrLC8-z-8iyg5_74QNRHEh5mLu9hd9LeRGjlknJQ3CJT90t6-oGz_ARbrhCQHI1wl6xMshwZSaxItLcgAvY3o.jpg?1",
      "image_token": "ca5974bf74fb8e731f3d6205ff029f148bc9b76a94b3e6f5202e0ed3a98dc6d0",
      "source": "Bing",
      "thumbnail": "https://tse2.mm.bing.net/th?id=OIP.LjYMYHuFdMQsfY7wGmdHtwHaF-&pid=Api",
      "thumbnail_token": "013d64f805e67471da7a601bcd18feeef9d993fa90693fe003af3e54b3cd88df",
      "title": "Watch Movies and TV Shows with character Miss Marple for free! List of ...",
      "url": "https://www4.fusionmovies.to/character/yeKa7l036q/miss-marple",
      "width": 714
    },
    {
      "height": 1183,
      "image": "http://1.bp.blogspot.com/-m-S5xNFy1ZY/VCbX-YiN72I/AAAAAAAAAwM/J9Zu8_sLDmY/s1600/zap-masterpiece-mystery-miss-marple-season-7-p-005.jpg",
      "image_token": "923d0106901f47733c0dad619d801c9eb3ff80073837b14e67d2b9ca2e1f190c",
      "source": "Bing",
      "thumbnail": "https://tse3.mm.bing.net/th?id=OIP.uop1d92jjMjsC9VQTyqoqAHaLI&pid=Api",
      "thumbnail_token": "1aa4c3c1b36d92776fb47e52958af6c912c1c1ff9ababfac851c493ef34a9e7f",
      "title": "Agatha Christie Web: Marple: Endless Night Gallery",
      "url": "http://agathachristieweb.blogspot.com/2014/09/marple-endless-night-gallery.html",
      "width": 787
    },
    {
      "height": 563,
      "image": "https://thecinemaholic.com/wp-content/uploads/2019/03/agathachristie.jpg?resize=200",
      "image_token": "6aa566a2a6f0b7ab7a600193e808534aac2545ba8443b06f52d71fa9db061f42",
      "source": "Bing",
      "thumbnail": "https://tse3.mm.bing.net/th?id=OIP.x9L07XIzs8Q7yBH-ga4q1AHaEK&pid=Api",
      "thumbnail_token": "1e7585674911d7c71b4ffe8e5ab5ec09811b622355f4629cc6a907bf99423af1",
      "title": "Miss Marple is on Her Way Back to Television Again - The Cinemaholic",
      "url": "https://thecinemaholic.com/miss-marple-is-on-her-way-back-to-television-again/",
      "width": 1000
    },
    {
      "height": 500,
      "image": "https://thecinemaholic.com/wp-content/uploads/2019/03/After-MISS-MARPLE-3.jpg",
      "image_token": "5ec823219fcf2a1667ae82c705f71d02c6ed0f73a82295b2e4827c73380c24c5",
      "source": "Bing",
      "thumbnail": "https://tse1.mm.bing.net/th?id=OIP.8cS1lAS7ZCAicy38NWbBWgHaEs&pid=Api",
      "thumbnail_token": "accd406da11798b0d3a6932a4d8b589e016ea02d365da2c16e33c7f93ea23a34",
      "title": "Miss Marple is on Her Way Back to Television Again - The Cinemaholic",
      "url": "https://thecinemaholic.com/miss-marple-is-on-her-way-back-to-television-again/",
      "width": 790
    },
    {
      "height": 810,
      "image": "https://tel.img.pmdstatic.net/fit/http.3A.2F.2Fprd2-bone-image.2Es3-website-eu-west-1.2Eamazonaws.2Ecom.2FTEL.2Enews.2F2018.2F01.2F11.2F557a0964-341c-4a22-9129-b8ddf64c237f.2Ejpeg/1440x810/quality/80/les-petits-secrets-de-miss-marple.jpg",
      "image_token": "3abd82978e5272f1abb19545fa07feac8e643fcfe4640e490bdf9e42f2ec6fb8",
      "source": "Bing",
      "thumbnail": "https://tse1.mm.bing.net/th?id=OIP.IrByUMKW_NrViUAutrXU6QHaEK&pid=Api",
      "thumbnail_token": "afc595663486a42878e26c473082fa77fab00241f0caad18e00fd7766a281d60",
      "title": "Les petits secrets de Miss Marple",
      "url": "https://www.programme-tv.net/news/series-tv/69133-les-petits-secrets-de-miss-marple/",
      "width": 1440
    },
    {
      "height": 445,
      "image": "https://britishperioddramas.com/wp-content/uploads/2019/03/34324-800x445.jpg",
      "image_token": "631ee18cd1df072147b5a3050345c160ca38817dc3a72e29001ca90c63ab6ca1",
      "source": "Bing",
      "thumbnail": "https://tse3.mm.bing.net/th?id=OIP.5nBwSVsL1Q9QHx4JDNta0gHaEH&pid=Api",
      "thumbnail_token": "16d8bb8afe0cef3e5e732fda2c4fcbd1689b3ba3af4328c16f6cc787a3ae9717",
      "title": "'Miss Marple' is being brought back to TV by makers of 'Big Little Lies ...",
      "url": "http://britishperioddramas.com/news/miss-marple-2019-new-tv-series-big-little-lies/",
      "width": 800
    },
    {
      "height": 576,
      "image": "https://static.fusionmovies.to/images/character/Ul8gm0503DOLXOrSLd6-D4ZzR3QMEH-t1ieAPdPCwpEWdJU7LNRUYfo13AmGU6tE7M2QPf_gVmt3m2ZUrjyputjcQw4G9TF0h1GTqri_gXw.jpg?1&resize_w=320",
      "image_token": "ddfa22a50db82f4e528fe9ac8b8d86c12c05cde46c1d148de72452079a40770d",
      "source": "Bing",
      "thumbnail": "https://tse3.mm.bing.net/th?id=OIP.dNBbqeRNsN8Mo4w8uAa4dAHaF7&pid=Api",
      "thumbnail_token": "7bb90509650b2da3d07b1f5d7733f078d50ba6ed759a944aa3b6329f8d13fd17",
      "title": "Watch Movies and TV Shows with character Miss Marple for free! List of ...",
      "url": "https://www4.fusionmovies.to/character/yeKa7l036q/miss-marple",
      "width": 720
    },
    {
      "height": 1080,
      "image": "https://walkdenentertainment.b-cdn.net/wp-content/uploads/2020/08/Miss-Marple-3.jpg",
      "image_token": "77c50bd65c62cbe7d8942648b204c09578980ba41009f3c9dd116a892df3ec43",
      "source": "Bing",
      "thumbnail": "https://tse3.mm.bing.net/th?id=OIP.ToDQXZOlEsEv0Rpo8qyGvgHaFT&pid=Api",
      "thumbnail_token": "826220c30b2026addb1eeeb09b34d9021b0b6f3e51738335f10f21a256b7bdc9",
      "title": "Agatha Christie's Marple: Series 1 - 3 (2004) - Walkden Entertainment",
      "url": "https://www.walkdenentertainment.com/agatha-christies-marple-series-1-3-2004/",
      "width": 1509
    },
    {
      "height": 1597,
      "image": "https://static.sorozatbarat.online/covers/2379/8.jpg",
      "image_token": "328e9b9bcc0002935ef798eb2fa703a1cf437eca3a9cf04441810dd749964b5b",
      "source": "Bing",
      "thumbnail": "https://tse1.mm.bing.net/th?id=OIP.K3HQHP_JIJ5IM-L9kvw13wHaE7&pid=Api",
      "thumbnail_token": "739ccbc6114ae5fa7db970ae75f2a476abab697c14276f6b34d3779c8a9eddf1",
      "title": "Miss Marple Books Ranked - Agatha Christie's Marple: The Life and Times ...",
      "url": "https://wegowegosills.blogspot.com/2021/07/miss-marple-books-ranked-agatha.html",
      "width": 2400
    },
    {
      "height": 841,
      "image": "https://static.wikia.nocookie.net/agathachristie/images/f/f4/Miss_Marple.jpg/revision/latest?cb=20180717212604",
      "image_token": "793b800af8a0aa9a7429c24ef02d8e27fc68787b7e51437c675f8f534097a315",
      "source": "Bing",
      "thumbnail": "https://tse2.mm.bing.net/th?id=OIP.WmKUEA539eu50WUd0OQBpAHaKh&pid=Api",
      "thumbnail_token": "9ebf014ea13d0a4a5595879cbca9c5fba6c0a682e7845a3e76567f51b552a0df",
      "title": "Miss Marple (TV Series) | Agatha Christie Wiki | Fandom",
      "url": "https://agathachristie.fandom.com/wiki/Miss_Marple_(TV_Series)",
      "width": 592
    },
    {
      "height": 600,
      "image": "https://i.pinimg.com/originals/d7/da/a4/d7daa4251cec47a43bfface705be62fb.png",
      "image_token": "a58d17cec76ac1ab82af27ccfdece090fdc8c54e3a1cfd13929b37dad5f22de5",
      "source": "Bing",
      "thumbnail": "https://tse4.mm.bing.net/th?id=OIP.gY6nddosYrJlc3-GpsGutwHaEj&pid=Api",
      "thumbnail_token": "c02535eb6a95a2509992851b2c018775f2ce72912c197e0fb192242118ebff33",
      "title": "Joan Hickson Fans on Twitter in 2021 | Miss marple, Agatha christie, Tv ...",
      "url": "https://www.pinterest.com/pin/590182726164021539/",
      "width": 976
    },
    {
      "height": 960,
      "image": "https://64.media.tumblr.com/0152f4ab550dc9f1441e9e31a2868c66/tumblr_owu2tlsfsn1vft41ao1_1280.png",
      "image_token": "fc2fc62f581fc0408213a4d6e2abd805c7e403d77bfc553dc02b8e4a21c12041",
      "source": "Bing",
      "thumbnail": "https://tse4.mm.bing.net/th?id=OIP.dBb0IvDb5U1JiLCqCBC7OwHaFj&pid=Api",
      "thumbnail_token": "8b2483f89fbbffe5f5db3cf47562896cb99134f87c031fce5c40eebb2bd2ebdd",
      "title": "It's a mystery. But then we all are, aren't we. \u2014 Happy Miss Marple ...",
      "url": "https://joanhicksonsdaughter.tumblr.com/post/165722063464/happy-miss-marple-monday-everyone-joan-as-miss",
      "width": 1280
    },
    {
      "height": 1748,
      "image": "https://static01.nyt.com/images/2015/02/03/arts/03McEwan-Obit/03McEwan-Obit-superJumbo.jpg?quality=90&auto=webp",
      "image_token": "7f7e0c93fcaf61a55ee2ebddace3abdc70774e71a19de0e54fd177093141918c",
      "source": "Bing",
      "thumbnail": "https://tse1.mm.bing.net/th?id=OIP.uIWrBzw81e-YiEcrr3SAAwHaKH&pid=Api",
      "thumbnail_token": "ea6cdd12d2dac2c988f5a5314af4e1b3ea4957415c2fd1f9bcfa8a5cdf34a645",
      "title": "Geraldine McEwan, Actress Known for Miss Marple Role, Dies at 82 - The ...",
      "url": "https://www.nytimes.com/2015/02/03/arts/television/geraldine-mcewan-actress-known-for-miss-marple-role-dies-at-82.html?emc=edit_th_20150203&nl=todaysheadlines&nlid=38179687",
      "width": 1280
    },
    {
      "height": 3000,
      "image": "https://image.tmdb.org/t/p/original/3sUVu1gLkdAMx1Xsc054tWCJHpw.jpg",
      "image_token": "6f178fabfc1a37e17f7d3391f5d6b2585630a182818a05879623cbfe51689bb3",
      "source": "Bing",
      "thumbnail": "https://tse1.mm.bing.net/th?id=OIP.hN85VxZVAS1QVbFsmSU9LAHaLH&pid=Api",
      "thumbnail_token": "f2d6fc058ab5b438d844d982feb7777a85b5c82c2f7216456e4d5483d69f2c22",
      "title": "Miss Marple: The Body in the Library Season 1 - 123movies | Watch ...",
      "url": "https://123moviesnew.org/series/214433-miss-marple-the-body-in-the-library/seasons/1",
      "width": 2000
    },
    {
      "height": 780,
      "image": "https://photos.tf1.fr/780/780/perso-showpage-b40106-985b28-0@1x.png",
      "image_token": "eaf8e77432fc3ecb656ce8ec8983bdad7287830ba1bb249f4760842a797d57d7",
      "source": "Bing",
      "thumbnail": "https://tse4.mm.bing.net/th?id=OIP.OVYaXNlsRIlY53LAp6U8xwHaHa&pid=Api",
      "thumbnail_token": "b579543914513b3251623e1c2ee64085cad57debfbd96c1b568344fc652f33f7",
      "title": "Miss Marple | TMC",
      "url": "https://www.tf1.fr/tmc/miss-marple",
      "width": 780
    },
    {
      "height": 500,
      "image": "https://tel.img.pmdstatic.net/fit/http.3A.2F.2Fimages.2Eone.2Eprismamedia.2Ecom.2Fprogram.2F7.2F2.2F7.2F9.2Fb.2Fe.2F8.2F1.2F7.2Fb.2Fb.2Fc.2F2.2F1.2F7.2F9.2Ejpg/1160x500/crop-from/top/miss-marple.jpg",
      "image_token": "a04483e0204bbcb601360711c4ed13ceb85c808e2a006ec366dc935ed19353ee",
      "source": "Bing",
      "thumbnail": "https://tse3.mm.bing.net/th?id=OIP.fqbW-EQ_u_8lqY7_hxYRbQHaDM&pid=Api",
      "thumbnail_token": "26e90a94942b67c757fe4d28a73397915cc70385a60b45afd4af42c6a18f92c1",
      "title": "Miss Marple : La plume empoisonn\u00e9e saison 2 episode 2 - Serie - T\u00e9l\u00e9 ...",
      "url": "http://www.programme-tv.net/programme/series-tv/r412-miss-marple/195877-la-plume-empoisonnee/",
      "width": 1160
    },
    {
      "height": 675,
      "image": "https://www.telegraph.co.uk/content/dam/tv/2017/09/11/marple_trans_NvBQzQNjv4BqNJjoeBT78QIaYdkJdEY4CnGTJFJS74MYhNY6w3GNbO8.jpg?imwidth=1400",
      "image_token": "9efd4c02515d23061a2d47fe479e7383636d10c280471512fa22c338b4dda6a2",
      "source": "Bing",
      "thumbnail": "https://tse1.mm.bing.net/th?id=OIP.O-F92ZreCI62UCf1yKmaKAHaEo&pid=Api",
      "thumbnail_token": "cd749f8b5e4ee4435aa1aa2de22bb90def7aa2b2006ca0416fa65b440d01a0d7",
      "title": "Miss Marple (BBC, 1984 - 1992) | 35 utterly gripping British TV ...",
      "url": "https://www.telegraph.co.uk/tv/0/best-british-crime-shows-thrillers-police-dramas/miss-marple-bbc-1984-1992/",
      "width": 1080
    },
    {
      "height": 1059,
      "image": "https://i.etsystatic.com/12949072/r/il/3353be/2248764137/il_794xN.2248764137_lgr5.jpg",
      "image_token": "6755596096101fc1cb1d37267392ff7db6705bf73fe195c722c1da4a57c1a6bf",
      "source": "Bing",
      "thumbnail": "https://tse4.mm.bing.net/th?id=OIP.uZrwbwHn08eVpWH99KwhZwHaJ4&pid=Api",
      "thumbnail_token": "d584cb49a80ebb92850e90d3a3c2ea8ce8db75dfe501531dd9db9aed97030232",
      "title": "SOLD Miss Marple 1:12 OOAK miniature hand sculpted doll | Etsy",
      "url": "https://www.etsy.com/listing/781307169/sold-miss-marple-112-ooak-miniature-hand",
      "width": 794
    },
    {
      "height": 678,
      "image": "http://www.maridacaterini.it/wp-content/uploads/2020/06/Miss-Marple-il-geranio-azzurro-dove-%C3%A8-girato.jpg",
      "image_token": "91b2a1da4208f017900078b7face80d54aeebc99ebdbcfd65ac7a141986be304",
      "source": "Bing",
      "thumbnail": "https://tse3.mm.bing.net/th?id=OIP.XCBAJP-WABkjD0V60LDNVwHaFB&pid=Api",
      "thumbnail_token": "0da6218ace1a5ff94c53a8821c374675adff317ce196fef8479fe86fc3d08d33",
      "title": "Miss Marple: Il geranio azzurro film attori, trama, cast, finale, dove ...",
      "url": "https://www.maridacaterini.it/film-in-tv/226715-miss-marple-il-geranio-azzurro-film-attori-trama-cast-finale-dove-girato.html",
      "width": 1000
    },
    {
      "height": 1500,
      "image": "https://image.tmdb.org/t/p/original/tJaL7nctFsHrqAzE2c1w06nlt6E.jpg",
      "image_token": "7e57a54ab11a73810e38dc34b051e439362fe243046f96d0c6dec5b75b5b56e0",
      "source": "Bing",
      "thumbnail": "https://tse1.mm.bing.net/th?id=OIP.nBZZfYdgups5UVP3VJzNmgHaLH&pid=Api",
      "thumbnail_token": "d1e663a0ca228899729549a9d292e50c32ab48283605c1f2ff848323694342ee",
      "title": "Miss Marple Collection | The Poster Database (TPDb)",
      "url": "https://theposterdb.com/posters/233776",
      "width": 1000
    },
    {
      "height": 532,
      "image": "https://gtv.digimondo.net/var/gtv/storage/gtvimages/9/6/7/8/7/96787085/7078177800800.jpg",
      "image_token": "55f42a35d383d8b588c618c37a42b2e7a464a84c01c8daa35271ed17495971aa",
      "source": "Bing",
      "thumbnail": "https://tse2.mm.bing.net/th?id=OIP.gqiHCwXOeI9zzJwcoc_L5wHaE7&pid=Api",
      "thumbnail_token": "2430c0bbae1610ea15ca724fe380d7e8dd63b7c5d3ab9bf141d7a8b16a15872f",
      "title": "Miss Marple - S\u00e9rie/Feuilleton 6 saisons et 47 episodes - T\u00e9l\u00e9 Star",
      "url": "https://www.telestar.fr/programme-tv/fiche-serie/75010736/miss-marple",
      "width": 800
    },
    {
      "height": 900,
      "image": "https://www.themoviedb.org/t/p/w600_and_h900_bestv2/8JI8cggydJdE4oc3ZkjFZ23b230.jpg",
      "image_token": "8204bf7d8002625638c077ed24ef48f89474b2d5413ec334c5fcbca7eed701fe",
      "source": "Bing",
      "thumbnail": "https://tse2.mm.bing.net/th?id=OIP.-Goqg30tBoyWr1qWPByvbwHaLH&pid=Api",
      "thumbnail_token": "f92069689e8ddfe049ec4aea92ea137b5efc93004ade681abad66d480128d116",
      "title": "Miss Marple: A Pocketful of Rye (TV Series 1985-1985) \u2014 The Movie ...",
      "url": "https://www.themoviedb.org/tv/76463-miss-marple-a-pocketful-of-rye",
      "width": 600
    },
    {
      "height": 3000,
      "image": "https://www.game-ost.com/static/covers_soundtracks/2/8/283697_186594.jpg",
      "image_token": "859bd849e9ef028eda204fb8e938c35e2f3f7d568c2a294a4498fd74ffb5ba84",
      "source": "Bing",
      "thumbnail": "https://tse3.mm.bing.net/th?id=OIP.qdz0P5RHxo6V22kEgTHMhgHaHa&pid=Api",
      "thumbnail_token": "9361fa97c4827d95fb08d0fba0caabc757d53c666147ad6d5ff091884d2c4008",
      "title": "Agatha Christie's Miss Marple Original Music from the Bbc Television ...",
      "url": "https://www.game-ost.com/albums/283697/agatha_christies_miss_marple_original_music_from_the_bbc_television_series/",
      "width": 3000
    },
    {
      "height": 1800,
      "image": "https://www.pbs.org/wgbh/masterpiece/wp-content/uploads/2017/04/marple-greenshaws-show-page-3200x1800.jpg",
      "image_token": "f1bd21918f5ea14e2e521f1fd8845d9c651df0f3598b3844e3ed6559b09fd024",
      "source": "Bing",
      "thumbnail": "https://tse2.mm.bing.net/th?id=OIP.ss_IMhAZx8hL0OAEUsLyWwHaEK&pid=Api",
      "thumbnail_token": "a7ffeade4a30bf110d0b8e481fc5181d62aa7528242186307b9de99108fc3251",
      "title": "Miss Marple, Season 7, Episode 2: Greenshaw's Folly on MASTERPIECE",
      "url": "https://www.pbs.org/wgbh/masterpiece/episodes/miss-marple-s7-e2-greenshaws-folly/",
      "width": 3200
    },
    {
      "height": 1800,
      "image": "http://www.pbs.org/wgbh/masterpiece/wp-content/uploads/2017/04/marple-endless-show-page-3200x1800.jpg",
      "image_token": "7219be63eaab6c62ce18cf5dc76542959510d3ef45fe90d4fef434032cfec1f1",
      "source": "Bing",
      "thumbnail": "https://tse4.mm.bing.net/th?id=OIP.VAh1K1snP-lIV5WzdImQSgHaEK&pid=Api",
      "thumbnail_token": "edba58598b615aa12c8d3cfe1a406332fce88e4beb590ce8355cedf849a7d82f",
      "title": "Miss Marple, Season 7, Episode 3: Endless Night on MASTERPIECE",
      "url": "http://www.pbs.org/wgbh/masterpiece/episodes/miss-marple-s7-e3-endless-night/",
      "width": 3200
    },
    {
      "height": 608,
      "image": "https://images-na.ssl-images-amazon.com/images/S/sgp-catalog-images/region_US/BritBox-p050188c-Full-Image_GalleryBackground-en-US-1564139868039._SX1080_.jpg",
      "image_token": "798c2c50508e6f30c3b4c686286620000e3faa8d29d7d078667e1c2e3f984ca4",
      "source": "Bing",
      "thumbnail": "https://tse3.mm.bing.net/th?id=OIP.t0VJ1BaQ3kE6ahSrYt6EFQHaEK&pid=Api",
      "thumbnail_token": "56975efb8ce1cb4df6c7d6e3c76dc6cb869b2347ddfcccf6de06b933a8762c31",
      "title": "Miss Marple Saison 4 Streaming - draoil",
      "url": "https://draoil.blogspot.com/2021/04/miss-marple-saison-4-streaming.html",
      "width": 1080
    },
    {
      "height": 1000,
      "image": "https://moulins-de-flandre.fr/posters/pics/Miss-Marple-Srie-2004.jpg",
      "image_token": "ce561da0c8e488ae4744ada5618f362d4d7e5126685f84be94c733cd2c4d3d80",
      "source": "Bing",
      "thumbnail": "https://tse2.mm.bing.net/th?id=OIP.oz4kuXR7FcInWYKLS0HS0QHaK5&pid=Api",
      "thumbnail_token": "7458e95256cfaa7b388184ab2f1982bce8c6de53cc92ffd556dbf911d4fad508",
      "title": "Miss Marple - S\u00e9rie (2004) cpasbien",
      "url": "https://moulins-de-flandre.fr/torrent-169/miss-marple---s%C3%A9rie-(2004).html",
      "width": 680
    },
    {
      "height": 576,
      "image": "https://static.fusionmovies.to/images/character/NAZugkJbW73NtSL28pWzuxrRfTPi0jNe9nEASeMkN0o4ms9iw2GKNjJWvG30f5DuToUTAAo9EQBX-3whGw3GLYTHT2QSjMMpwO9h80o_c8c.jpg?1&resize_w=320",
      "image_token": "46e27be4cd97f04419457f9fe169d1cd5a300d574c126d146fa9ed1e336eaf36",
      "source": "Bing",
      "thumbnail": "https://tse3.mm.bing.net/th?id=OIP.lFsSLRrVJwbfAtNiZ8kXswHaF7&pid=Api",
      "thumbnail_token": "990fdb803960f7d534c94c93df7cfa4904008feeb430a07429f620834998d750",
      "title": "Watch Movies and TV Shows with character Miss Marple for free! List of ...",
      "url": "https://www4.fusionmovies.to/character/yeKa7l036q/miss-marple",
      "width": 720
    },
    {
      "height": 2100,
      "image": "https://eleaspen.weebly.com/uploads/1/2/6/7/126719229/975197503_orig.jpg",
      "image_token": "2507ecc129598b1589316faabf69acb6a046da57e392edd7e526a13782ae06d0",
      "source": "Bing",
      "thumbnail": "https://tse2.mm.bing.net/th?id=OIP.A8npt82afNGSGtGmc4WZTgHaLH&pid=Api",
      "thumbnail_token": "c31ae6c88188a27e038f2fe613562579d5c4d48a440927642c4cc0d4563c2caa",
      "title": "Torrent Miss Marple 2009 - eleaspen",
      "url": "https://eleaspen.weebly.com/blog/torrent-miss-marple-2009",
      "width": 1400
    },
    {
      "height": 960,
      "image": "https://i.pinimg.com/736x/65/14/66/651466592842faf0c57d0f5ea3d33380--dollhouse-dolls-miniature-dolls.jpg",
      "image_token": "93c0b45c85c6f83a3aa48300000b1e950a6cca7ca20dbef0b3770859c14a4fc7",
      "source": "Bing",
      "thumbnail": "https://tse3.mm.bing.net/th?id=OIP.Fb5c8Cc4HYs5-8EVZRDIQQHaLM&pid=Api",
      "thumbnail_token": "e3a31bc3a3deb1bbbc9260c3774ab1e1c13045c6613e1bd3d5c4a1e50ba0a05b",
      "title": "Miss Marple | Miniature dolls, Art dolls, Dollhouse dolls",
      "url": "https://www.pinterest.com/pin/370210031850834445/",
      "width": 635
    },
    {
      "height": 630,
      "image": "https://staticr1.blastingcdn.com/media/photogallery/2015/2/3/660x290/b_1200x630/geraldine-mcewan-in-the-role-of-miss-marple_204481.jpg",
      "image_token": "df40658806cef1e9461f00bf0ee6dc1c694a5ad3737d1521548e05b6004bd2f5",
      "source": "Bing",
      "thumbnail": "https://tse3.mm.bing.net/th?id=OIP.jYGMSadDvcvGj3zkU_gFZAHaD4&pid=Api",
      "thumbnail_token": "bdc63ac7bac479f45c259e9d211bbd1946e04c7ee394082d8e9429508c401b94",
      "title": "A goodbye to Geraldine McEwan, the actress of 'Miss Marple'",
      "url": "https://uk.blastingnews.com/showbiz-tv/2015/02/a-goodbye-to-geraldine-mcewan-the-actress-of-miss-marple-00258157.html",
      "width": 1200
    },
    {
      "height": 1000,
      "image": "https://artworks.thetvdb.com/banners/movies/97060/posters/97060.jpg",
      "image_token": "58ca0d54e9994aa0f6285c73b37bb0e1271e843f86b5b336b988ed245b14bb25",
      "source": "Bing",
      "thumbnail": "https://tse4.mm.bing.net/th?id=OIP.k17Ln2qAauDnI3vYke4NMwHaK5&pid=Api",
      "thumbnail_token": "2e2b3e31ccf88d93c89f214a61c0019bf9bf24d3b32dc882a474ba62d1741c9c",
      "title": "Miss Marple: A Caribbean Mystery - TheTVDB.com",
      "url": "https://thetvdb.com/movies/miss-marple-a-caribbean-mystery",
      "width": 680
    },
    {
      "height": 2160,
      "image": "https://weta.org/sites/default/files/pbs_tvss_images/2021/05/05/p203850_i_h8_az.jpg",
      "image_token": "24b7558ff7b35bd442a60b591b274a861fe1bbd1d51a2723d0904c0c52c47fde",
      "source": "Bing",
      "thumbnail": "https://tse4.mm.bing.net/th?id=OIP.Y7IdD4jCId656vJyOw7snwHaEK&pid=Api",
      "thumbnail_token": "b20a0e0d6a0e3b9c72861c678a5a2a70036467084f918a737cce61048719ee69",
      "title": "Miss Marple | WETA",
      "url": "https://weta.org/watch/shows/miss-marple-0",
      "width": 3840
    },
    {
      "height": 1236,
      "image": "http://static.guim.co.uk/sys-images/Guardian/Pix/pictures/2015/1/31/1422729039401/Geraldine-McEwan-009.jpg",
      "image_token": "417aafa3ea9cc5588974b7cca5cbb184835797160244576bdc62d3c949b645fb",
      "source": "Bing",
      "thumbnail": "https://tse2.mm.bing.net/th?id=OIP.H5zQCIruhpVcCBK_bBuj7gHaEc&pid=Api",
      "thumbnail_token": "e87a6e632ed104c8038c0a82c54a5e2a81e23d84e1aa5e237209ebe71ef0cab9",
      "title": "Miss Marple actor Geraldine McEwan dies aged 82 | UK news | The Guardian",
      "url": "http://www.theguardian.com/uk-news/2015/jan/31/geraldine-mcewan-miss-marple-dies-82",
      "width": 2060
    },
    {
      "height": 562,
      "image": "http://britishperioddramas.com/wp-content/uploads/2019/04/345-1.jpg",
      "image_token": "3d174dccdb8094fc2d1acc80679b21b5a9a90a890cc9c384435c2f3b1ea83985",
      "source": "Bing",
      "thumbnail": "https://tse1.mm.bing.net/th?id=OIP.0eHPzMfLJI8i727sfYRJ6gHaEK&pid=Api",
      "thumbnail_token": "42276ae242dd8cb9951cc7cde7ed0a9b40216e7763a596a577629e06bd8b6235",
      "title": "The best ever Miss Marple actress has been revealed - as voted by you ...",
      "url": "http://britishperioddramas.com/lists/best-ever-miss-marple-actress-poll-results/",
      "width": 1000
    },
    {
      "height": 439,
      "image": "https://image.tmdb.org/t/p/w780/qAiNK2htNWeWXQPY5OlV2vCpuMb.jpg",
      "image_token": "50e16be1be176ef813aa0393151d2f8b4b6fdc46144f3c556d3d9e02bc67a328",
      "source": "Bing",
      "thumbnail": "https://tse1.mm.bing.net/th?id=OIP.E94UBjw5HtnVIKoiGEc5EAHaEK&pid=Api",
      "thumbnail_token": "70795d4a737312ecda23b47db1ed355d7b228fcce9129539db2f184e9eae869e",
      "title": "Miss Marple: The Moving Finger (TV Series 1985-1985) \u2014 The Movie ...",
      "url": "https://www.themoviedb.org/tv/76461-miss-marple-the-moving-finger",
      "width": 780
    },
    {
      "height": 1502,
      "image": "https://images.thestar.com/zq2uzxYBPMMrSd4-06-xTXibojI=/1086x1502/smart/filters:cb(2700061000)/https://www.thestar.com/content/dam/thestar/entertainment/television/2015/01/31/miss-marple-actress-geraldine-mcewan-dies-at-age-82/mcewan.jpg",
      "image_token": "229f58863515c246b9790bc7f3319653b58a3719a125eb059f1a2ecb95c0768d",
      "source": "Bing",
      "thumbnail": "https://tse2.mm.bing.net/th?id=OIP.0qP7j_v9C0LDrj1fFcukQAHaKP&pid=Api",
      "thumbnail_token": "368bbd6394453b0baca66df18e40851be6d05c5a8b01a7ec0f1b5de3e640c51f",
      "title": "Miss Marple actress Geraldine McEwan dies at age 82 | The Star",
      "url": "https://www.thestar.com/entertainment/television/2015/01/31/miss-marple-actress-geraldine-mcewan-dies-at-age-82.html",
      "width": 1086
    },
    {
      "height": 800,
      "image": "https://i.pinimg.com/originals/2e/9d/3e/2e9d3e653bf95d000879f88c0212767e.jpg",
      "image_token": "0b6b3dc0647cbd5e386228d3daac08a0a8327604bbece2e7f1b20514264b0b13",
      "source": "Bing",
      "thumbnail": "https://tse1.mm.bing.net/th?id=OIP.TD8ChI_yh0TbD3uca3_-4gHaHa&pid=Api",
      "thumbnail_token": "f8e7e8b5ea8e8f9009a4558a4019b052deea12e8c908e5736ed3315fb677c0c7",
      "title": "7 Beloved TV and Movie Characters Who Knit | Knitting | Interweave ...",
      "url": "https://www.pinterest.com/pin/20055160825547697/",
      "width": 800
    },
    {
      "height": 933,
      "image": "https://agathachristie.imgix.net/news/Thumbnail_MissMarpleQuiz.jpg?auto=compress",
      "image_token": "e30648ba7b5c47facbb0bd9efb9bbe9530d17f285f26ea0800a1a9603a3eaaab",
      "source": "Bing",
      "thumbnail": "https://tse3.mm.bing.net/th?id=OIP.63kfU6KqQhw4BXTsn1k5ewHaE7&pid=Api",
      "thumbnail_token": "fba79953ffe502e2a48c3570ed7e1895a24053e04f49dac46c1c24069708b4ac",
      "title": "Miss Marple - Characters - Agatha Christie",
      "url": "https://www.agathachristie.com/characters/miss-marple",
      "width": 1400
    },
    {
      "height": 850,
      "image": "https://library.ie-commerce.net/library/850px/281/281868.jpg",
      "image_token": "eec56564d854417aea46f29e071db2bbe9c7c2a592f08a05cecd3473f108237e",
      "source": "Bing",
      "thumbnail": "https://tse4.mm.bing.net/th?id=OIP.CozoGMoAhy1d2j7b7P_0BQHaJQ&pid=Api",
      "thumbnail_token": "5595f7d06f90a0bd2c975e68d84c8a570b37ceb79c73540b5bdec90f70fe7144",
      "title": "JOAN HICKSON 8X10 PHOTO MISS MARPLE | eBay",
      "url": "https://www.ebay.co.uk/itm/JOAN-HICKSON-8X10-PHOTO-MISS-MARPLE/303505635238",
      "width": 680
    },
    {
      "height": 1060,
      "image": "https://images-na.ssl-images-amazon.com/images/I/61Tej9xtLiL._AC_SL1060_.jpg",
      "image_token": "14cc3a9ec034a4b7a1169d79521f58ab248beadb3fe3e94189fca832d1ff9543",
      "source": "Bing",
      "thumbnail": "https://tse3.mm.bing.net/th?id=OIP.1ABNQUEQRnsSXLZEyn73zQHaLH&pid=Api",
      "thumbnail_token": "4b6509f6c2d03eeb579e7d2fa1cd059a89b84757f3f259594a835e5f60178cb1",
      "title": "Amazon.com: Miss Marple Season 1 24inch x 36inch Silk Poster TV Drama ...",
      "url": "https://www.amazon.com/Marple-Season-24inch-36inch-Wallpaper/dp/B086WYQNBK",
      "width": 706
    },
    {
      "height": 1395,
      "image": "https://www.cine.com/media/series/337_w1000.jpg",
      "image_token": "e8f85185d9a9e10a838d2fb1a22fc7bfd05f15157a2eb85f799f2d2e67c51d84",
      "source": "Bing",
      "thumbnail": "https://tse3.mm.bing.net/th?id=OIP.wLkvTW-omFdaVQVDhfqzdwHaKV&pid=Api",
      "thumbnail_token": "9ebd844c10d3fe7b483fc0069f1312a09f101e81a3f9e72a8cd82415f8e75165",
      "title": "Miss Marple - CINE.COM",
      "url": "https://www.cine.com/serie/miss-marple",
      "width": 1000
    },
    {
      "height": 360,
      "image": "https://artworks.thetvdb.com/banners/fanart/original/250440-3_t.jpg",
      "image_token": "0907dfac6a8440871bd4f08845457cf86a65e2f3870f3a4990b4d291f543e899",
      "source": "Bing",
      "thumbnail": "https://tse2.mm.bing.net/th?id=OIP.bESI0k4hc3Swqf2MTLxV5AHaEK&pid=Api",
      "thumbnail_token": "3b18cf6ffc9ea9622aff2e691053b85653e26e649fd36936ec06373e2a7252bc",
      "title": "Miss Marple - TheTVDB.com",
      "url": "https://thetvdb.com/series/miss-marple",
      "width": 640
    },
    {
      "height": 933,
      "image": "https://agathachristie.imgix.net/news/Inline_MarpleMcKenzie.png",
      "image_token": "379e8be26dd07e7dc92391e874296fb3fca9b73f63f3817b0c68d414764c2925",
      "source": "Bing",
      "thumbnail": "https://tse1.mm.bing.net/th?id=OIP.kxcLYY6RJrfVqPcGbp_DzwHaE7&pid=Api",
      "thumbnail_token": "7ea0f66e4d5a0d15c6d126bf0ec6173847f6d7fea5ddef0885d7abe34f5d98c0",
      "title": "Eight Miss Marple Quotes - Agatha Christie",
      "url": "https://www.agathachristie.com/news/2019/eight-miss-marple-quotes",
      "width": 1400
    },
    {
      "height": 609,
      "image": "https://i.pinimg.com/736x/5c/2e/9d/5c2e9da63697890d69b3ca73367ea9e0.jpg",
      "image_token": "30f492ab9ffd3df7df2a9a8891cc67fd5c81f52df436b813755ecfa368bd5fdc",
      "source": "Bing",
      "thumbnail": "https://tse1.mm.bing.net/th?id=OIP.M1aSPZhfme0ofObgtL1DXAHaGI&pid=Api",
      "thumbnail_token": "b81f3821ad57b7ddda13ae5fda87296f47aa85a4f80afc109c0d2417a50f1bba",
      "title": "Pin by Ljiljana Mari\u0107 on Miss Marple | Miss marple, Fictional ...",
      "url": "https://www.pinterest.com/pin/383298618289989652/",
      "width": 735
    },
    {
      "height": 439,
      "image": "https://static.fusionmovies.to/images/character/uhLtQgSWCyLoR7K-cz6olfFo5-VCxncBqSDb_HW2QzTUzJ6g6oToj4OybIqZR07pyPTMqWZrylDsvVhzEatCkyNcwffLeQh9VjZ22YzQ0yI.jpg?1",
      "image_token": "8ca49b29714f906c07cfc0feba5c0e3d5884269b945b3db7fae1272d28d983a4",
      "source": "Bing",
      "thumbnail": "https://tse1.mm.bing.net/th?id=OIP._6Wu3gZLTWZpfttJnZOJ3QHaEK&pid=Api",
      "thumbnail_token": "b7b3960d0d24d214f7a379a063b2140aed429fa5e66a06e2de8aaaebe590a986",
      "title": "Watch Movies and TV Shows with character Miss Marple for free! List of ...",
      "url": "https://www4.fusionmovies.to/character/yeKa7l036q/miss-marple",
      "width": 780
    },
    {
      "height": 685,
      "image": "https://www.maridacaterini.it/wp-content/uploads/2020/11/Miss-Marple-il-terrore-viene-per-posta-film-attori.jpg",
      "image_token": "43333030ce104048d70956dfd1a7a2d1b515b176fb959ffcdd44609b6822797d",
      "source": "Bing",
      "thumbnail": "https://tse4.mm.bing.net/th?id=OIP.q57QkBZAlNy0PxXegamVggHaFE&pid=Api",
      "thumbnail_token": "52f3201d95c110878e63abab27f76b8c0c48a9e707a96b96160d008dc950164c",
      "title": "Miss Marple: il terrore viene per posta film, trama, cast, finale, dove ...",
      "url": "https://www.maridacaterini.it/film-in-tv/257725-miss-marple-il-terrore-viene-per-posta-film-trama-cast-finale-dove-girato.html",
      "width": 1000
    },
    {
      "height": 409,
      "image": "https://i2-prod.chroniclelive.co.uk/incoming/article11705061.ece/ALTERNATES/s615/WA221186.jpg",
      "image_token": "1803e273984da52bf2c52630502d0ecd013878ddce19cbf4ecca24cf57878afa",
      "source": "Bing",
      "thumbnail": "https://tse2.mm.bing.net/th?id=OIP.cKClkbvIc82G1sF8WKzPZwHaE7&pid=Api",
      "thumbnail_token": "eae4fce30597c5eb458c974ed4f9aa411d8ea6c6debdb949948b6bca48205f36",
      "title": "Miss Marple is taking over the world: there is no point trying to ...",
      "url": "https://www.chroniclelive.co.uk/business/business-news/miss-marple-taking-over-world-11704997",
      "width": 615
    },
    {
      "height": 1024,
      "image": "https://www.pbshawaii.org/wp-content/uploads/2014/09/miss_marple_caribbean_mystery.jpg",
      "image_token": "e4968a8a97ffb19436de443db14ca67f83760baaa124c5cae9ffc8042e3f3396",
      "source": "Bing",
      "thumbnail": "https://tse2.mm.bing.net/th?id=OIP.BS0-T-bI77rKnL2Q5g60lQHaJQ&pid=Api",
      "thumbnail_token": "3a51b11ef4c399a4aabc73e4431b641f6d2fd487ec6cbcdab9bba158f605519f",
      "title": "miss_marple_caribbean_mystery | PBS Hawai'i",
      "url": "https://www.pbshawaii.org/miss_marple_caribbean_mystery/",
      "width": 819
    },
    {
      "height": 526,
      "image": "http://vignette3.wikia.nocookie.net/agathachristie/images/e/e3/Miss-Marple-Helen-Hayes.jpg/revision/latest?cb=20150819195130",
      "image_token": "82e20dece838186520b126d6a189b1d6d3bffdaa641188e53c41864e88e67cd9",
      "source": "Bing",
      "thumbnail": "https://tse3.mm.bing.net/th?id=OIP.15qHVZxOL5xaco07P__iuwHaGf&pid=Api",
      "thumbnail_token": "c99dd0e3b830eaa23e819067e05b1eb763c66b736b8428d3880e09acc00355f2",
      "title": "Category:Miss Marple | Agatha Christie Wiki | FANDOM powered by Wikia",
      "url": "http://agathachristie.wikia.com/wiki/Category:Miss_Marple",
      "width": 600
    },
    {
      "height": 1105,
      "image": "https://i.pinimg.com/736x/03/52/54/035254d2b5fd8f96d7d9d540c39421fc.jpg",
      "image_token": "8f97b36e2f886ea0148d535d1ac1604b747a72ec8f8a5c45434027719f754585",
      "source": "Bing",
      "thumbnail": "https://tse2.mm.bing.net/th?id=OIP.pwDi0xTd4s8SXmwCWsTgNgHaLI&pid=Api",
      "thumbnail_token": "cef3b1b15a2aa918bba6f579861c0aeb40ee88381166329feb14594dbdbae6d0",
      "title": "Miss Marple | Miss marple, Agatha christie's marple, Agatha christie",
      "url": "https://www.pinterest.co.uk/pin/110901209562985437/",
      "width": 735
    },
    {
      "height": 900,
      "image": "https://images-na.ssl-images-amazon.com/images/I/61DnEl8yRSL._RI_.jpg",
      "image_token": "73e41a20771612f72beb0b1ad5a75c9e9c72eff23e1e580480d68e1fbdea133a",
      "source": "Bing",
      "thumbnail": "https://tse4.mm.bing.net/th?id=OIP.L1i5n0cQ6z7UhAK16WDEeAHaFj&pid=Api",
      "thumbnail_token": "7e177fc0010dce9c1bc5efa551bf8ae0e9cc83498710b540c45d5e999d845d4d",
      "title": "Watch Miss Marple, Season 3 | Prime Video",
      "url": "https://www.amazon.com/Miss-Marple-Season-3/dp/B074PB6V35",
      "width": 1200
    },
    {
      "height": 842,
      "image": "https://i.pinimg.com/736x/c9/e1/39/c9e1399d4e37919d184f8c83a937af01.jpg",
      "image_token": "fbd771614b9ed4047af9b3ce0970dbd179a5655c441d808af29ece5eb7ef85b4",
      "source": "Bing",
      "thumbnail": "https://tse4.mm.bing.net/th?id=OIP.aONdYzA2_60f5T3BGIZrZgHaIe&pid=Api",
      "thumbnail_token": "397261f7ef2bf689e27f2cdd94d20e67d143a98081647d80feb07e1ffeeefa9c",
      "title": "Margaret Rutherford in miss marple \u2661 | Mrs marple, Schauspieler, Filme",
      "url": "https://www.pinterest.com/pin/52846995615500973/",
      "width": 736
    },
    {
      "height": 1707,
      "image": "https://i.pinimg.com/originals/93/53/d5/9353d546facdafbd3861373fbd8567e1.png",
      "image_token": "2890209dd7bf585b0dffcab006af1a8f14d4ab189bb31ece9b90cf642e2317d1",
      "source": "Bing",
      "thumbnail": "https://tse3.mm.bing.net/th?id=OIP.gj7WSs1Eq2lpVst9M1ZOUgHaKi&pid=Api",
      "thumbnail_token": "dd78b508e5a3735a320ba5e96ac632cb63921b1323c45d90c89c943bd5432f72",
      "title": "Pin by Ljiljana Mari\u0107 on Miss Marple | Agatha christie, Miss marple, Author",
      "url": "https://www.pinterest.com/pin/383298618288328161/",
      "width": 1200
    },
    {
      "height": 724,
      "image": "https://879ed873-madman-com-au.akamaized.net/media/Releases/53007/53007-1963178.jpg",
      "image_token": "fe9a469bffcc960535c06b3f5fb7272dd06b2d95d37d67309ef8935bf1a7875b",
      "source": "Bing",
      "thumbnail": "https://tse2.mm.bing.net/th?id=OIP.rsHGS_6DP3s94JHT9SO4HgHaKZ&pid=Api",
      "thumbnail_token": "3ab3f522472a1973567f1cb10bc0dd4a7339c0aaea03db180e880c6d35a3a83d",
      "title": "Agatha Christie's Miss Marple - Series 1-3 - DVD - Madman Entertainment",
      "url": "https://www.madman.com.au/catalogue/view/53007/agatha-christie-s-miss-marple-series-13",
      "width": 516
    },
    {
      "height": 360,
      "image": "https://i.ytimg.com/vi/e_bM7eOjJ8c/hqdefault.jpg",
      "image_token": "0266ff1e0d22a3e9d8a1671d5d61e7d2b4baa3fbbafd6df566afb0b03414a87c",
      "source": "Bing",
      "thumbnail": "https://tse4.mm.bing.net/th?id=OIP.pGnsvrfpU7RxgpKh_bHRxgEgDY&pid=Api",
      "thumbnail_token": "8c8fd39aeeffd43a6780eadba6364bec362f1e546974ce3204ec160f0483fa7a",
      "title": "Miss Marple S03E01 At Bertram's Hotel - YouTube",
      "url": "https://www.youtube.com/watch?v=e_bM7eOjJ8c",
      "width": 480
    },
    {
      "height": 409,
      "image": "https://i2-prod.mirror.co.uk/incoming/article407070.ece/ALTERNATES/s615/pic-image-3-484379366.jpg",
      "image_token": "b9fd84a35aec9a1c5d0fafa93ae4cf99ffd84f7beba26d67edfa024e90fa76ff",
      "source": "Bing",
      "thumbnail": "https://tse4.mm.bing.net/th?id=OIP.RcxnTUiNIsiJbFjke2wOwQHaE7&pid=Api",
      "thumbnail_token": "49b75ee8a955611de8a927cf8fdcb10d5dfe6a4f30fa1b5678f03c2f40c5dfe9",
      "title": "Case closed for ITV's Miss Marple as the Beeb gets Agatha Christie ...",
      "url": "https://www.mirror.co.uk/tv/tv-news/case-closed-itvs-miss-marple-3190778",
      "width": 615
    },
    {
      "height": 365,
      "image": "https://tv.bt.com/images/geraldine-mcewan-as-miss-marple-136395888843403901-150201090816.jpg",
      "image_token": "0ebce0c393648aeb2e5508c1127d19fae59a0ee1a7985766bb024d0ee8b22a76",
      "source": "Bing",
      "thumbnail": "https://tse2.mm.bing.net/th?id=OIP.PqYA-aVbgfklXQyhRqV5vQHaEK&pid=Api",
      "thumbnail_token": "1c1d96c1dfa3f3d9371540d74b4304e20ed3a6e5500f8b8d0b20412b7690da5d",
      "title": "Miss Marple actress McEwan dies | BT",
      "url": "https://tv.bt.com/tv/tv-news/miss-marple-actress-geraldine-mcewan-dies-aged-82-11363958882860",
      "width": 648
    },
    {
      "height": 1500,
      "image": "https://images-na.ssl-images-amazon.com/images/I/91xtF%2BmTTOL._SL1500_.jpg",
      "image_token": "7e9ff0b71e416dfbb2324a1add61b9516cb38e576617782ebb017551b4197655",
      "source": "Bing",
      "thumbnail": "https://tse2.mm.bing.net/th?id=OIP.nytp8H3-5Kmavw0nXpZgCQHaJw&pid=Api",
      "thumbnail_token": "99fed25341600e6c91b6e1eedd920c7ba18a0cd08ea85edc759639264e0c456b",
      "title": "Dressing Miss Marple - Living Miss Marple",
      "url": "https://livingmissmarple.com/2017/11/22/dressing-miss-marple/",
      "width": 1138
    },
    {
      "height": 1485,
      "image": "https://i.weltbild.de/p/miss-marple-die-komplette-serie-173549970.jpg?v=3&wp=_max",
      "image_token": "e0dc476b6d2e50042898e37023e8d32c8d96a219e4fe1399f285c3fd4baeb186",
      "source": "Bing",
      "thumbnail": "https://tse3.mm.bing.net/th?id=OIP.JTXATdFi0FkLaol7nglCZgHaKQ&pid=Api",
      "thumbnail_token": "4504945881853d3e5443b95337edd48e758740f900158d133a4546dd76e45622",
      "title": "Miss Marple - Die komplette Serie DVD bei Weltbild.ch bestellen",
      "url": "https://www.weltbild.ch/artikel/film/miss-marple-die-komplette-serie_21895361-1",
      "width": 1073
    },
    {
      "height": 907,
      "image": "https://br.web.img2.acsta.net/pictures/18/08/09/21/52/5460112.jpg",
      "image_token": "39ac295cafe0e95150ac3ae20d53588e501c8f3a8563603f5b347074e62fcb84",
      "source": "Bing",
      "thumbnail": "https://tse4.mm.bing.net/th?id=OIP.hvJBUGfhKQ4dujq19UHIkgHaJ4&pid=Api",
      "thumbnail_token": "aaec199a232e84f55248cb7c1abb68b48996ab279fa8d2693ec6c7c1875bb87d",
      "title": "Agatha Christie's Miss Marple - S\u00e9rie 1984 - AdoroCinema",
      "url": "https://www.adorocinema.com/series/serie-2973/",
      "width": 680
    },
    {
      "height": 517,
      "image": "https://streaming-engine-assets.rftslb.com/posters/image/image/216117/main_main.jpg",
      "image_token": "106cb202b331917d4c94b0029c92d9e250f91633b2d42048d46304ae3248b847",
      "source": "Bing",
      "thumbnail": "https://tse2.mm.bing.net/th?id=OIP.yk9F-0CP9HaPyGpiOxC4DwAAAA&pid=Api",
      "thumbnail_token": "c94b6911bdcc36b7f5fa6bebccb4bc6e2e5904b6db8f3287d3c6e43631797941",
      "title": "Watch Miss Marple Online | Full Series: Every Season & Episode",
      "url": "https://www.msn.com/en-us/entertainment/rf-watch-online/tv-shows/miss-marple-1984",
      "width": 345
    },
    {
      "height": 413,
      "image": "https://images.immediate.co.uk/production/volatile/sites/3/2020/01/joan-miss-marple-77789e3.jpg?quality=90&resize=620,413",
      "image_token": "f4974e4ecb65fa3e464e63201d5229dbf9613e0a775ab03673fcdc5f5e59a822",
      "source": "Bing",
      "thumbnail": "https://tse1.mm.bing.net/th?id=OIP.GaYtj-jJKvAo9guQt2CAmQHaE7&pid=Api",
      "thumbnail_token": "479d5216a2fba5b3c5ab2914bac08d4acd8b25ba3e9f2f19d80a17a2109ad05d",
      "title": "Best Agatha Christie murder mystery books | From Poirot to Miss Marple ...",
      "url": "https://www.radiotimes.com/books/best-agatha-christie-books-the-pale-horse/",
      "width": 620
    },
    {
      "height": 1500,
      "image": "https://media.movieassets.com/static/images/items/movies/posters/67667a876741cb03312a9a10baa22cd6.jpg",
      "image_token": "032e01982b17f98c56e582a7d86454df15ad004c07c6939fa92a81fafbda0266",
      "source": "Bing",
      "thumbnail": "https://tse3.mm.bing.net/th?id=OIP.bv-zShsy8fPvgDWYgDnr6QHaLH&pid=Api",
      "thumbnail_token": "3c9ddf41be73f96d0893fa72590f0d1e684e2d8e6a5c7b7289b8b5ac3cea4650",
      "title": "Watch Miss Marple: The Mirror Crack'd from Side to Side (1992) Free Online",
      "url": "https://www.movieswatchfreeonline.com/free-movies/watch/miss-marple-the-mirror-crackd-from-side-to-side-1992/",
      "width": 1000
    },
    {
      "height": 1920,
      "image": "http://www.kino.de/wp-content/gallery/m/i/miss-marple-collection-1992/miss-marple-ein-mord-wird-angekndigtdas-geheimnis-3-rcm0x1920u.jpg",
      "image_token": "789551516ca83efb28543f0bf078f60cbc0316516d5a6941b8b700f93a26a723",
      "source": "Bing",
      "thumbnail": "https://tse2.mm.bing.net/th?id=OIP._lJMldBkrAfNx-xq7TD2YwHaHa&pid=Api",
      "thumbnail_token": "deb0aca989b435db2ea3deaa11bc452a8c5bacabf04541d73827a147cf289400",
      "title": "Miss Marple Collection Film (1992) \u00b7 Trailer \u00b7 Kritik \u00b7 KINO.de",
      "url": "http://www.kino.de/film/miss-marple-collection-1992/",
      "width": 1920
    },
    {
      "height": 544,
      "image": "https://static.fmovies.cab/images/char/lbjxEO18D8f13o5cFcdWr4_SmJSheePcIMC_UYhHitnXBCDQEY8Nlj0z648NPa7pQVjHwlJdhQwC_Sz4rURgok1_0nHaAlie1R1IavuLCAw.jpg?1&resize_w=320",
      "image_token": "58df96664114990d0cea8ba1aab88caf0668a13fb630d14005f04ff34649d1ab",
      "source": "Bing",
      "thumbnail": "https://tse1.mm.bing.net/th?id=OIP.lf6DkNYX0YU_1L-CodXp8AHaGj&pid=Api",
      "thumbnail_token": "4023aaabcca4ca832fe1b6ac0d00f1dcffb381938de6429dd59c792649035715",
      "title": "Character Miss Marple,list of movies character - The Mirror Crack'd",
      "url": "https://ww2.fmovies.cab/character-miss-marple-Q7SZE1pTK1",
      "width": 614
    },
    {
      "height": 630,
      "image": "https://agathachristie.imgix.net/news/Inline_Marple.png?auto=compress,format&fit=crop&w=1200&h=630",
      "image_token": "f584cc4b27657898ca34517e7ff7dc2d12586b252147a049a478dc130f835ff4",
      "source": "Bing",
      "thumbnail": "https://tse3.mm.bing.net/th?id=OIP.XMczBzd5jtwZCUTAr2bTQQHaD4&pid=Api",
      "thumbnail_token": "fd0bd1a10adec8b7daea68917728d8f030b35b066b3d2731fa5fae17ddbea182",
      "title": "Facts About Miss Marple - Agatha Christie",
      "url": "https://www.agathachristie.com/news/2018/facts-about-miss-marple",
      "width": 1200
    },
    {
      "height": 576,
      "image": "https://static.fmovies.cab/images/char/qn81UONZBaSaDXXbHaeETLHTXKIUscMda0dltOVXXINoutSwL_58FEPfue9g8tsI8BoywgBjvQPz8VhYeUpP88xotis-L24TNDMC2dSywVg.jpg?1&resize_w=320",
      "image_token": "7d86758ed502ab36f594579c4eb6d6a8a89faefce92c4220eb0dfbab384e59fa",
      "source": "Bing",
      "thumbnail": "https://tse2.mm.bing.net/th?id=OIP.5wkA5LYG0SUKWWiL6YmwegHaGE&pid=Api",
      "thumbnail_token": "64b27b44dd0fb078e8d2c56115a85c737f3e0e6627c913cfd7557d5708a2fe8f",
      "title": "Character Miss Marple,list of movies character - The Mirror Crack'd",
      "url": "https://www1.fmovies.cab/character-miss-marple-Q7SZE1pTK1",
      "width": 702
    },
    {
      "height": 720,
      "image": "https://i.ytimg.com/vi/_UUc6PJlmXM/maxresdefault.jpg",
      "image_token": "867f3016297984537bdfd3427aa01cfa7b8019e2541f0a3e311a565c24074195",
      "source": "Bing",
      "thumbnail": "https://tse4.mm.bing.net/th?id=OIP.BtrVDKGLjZ2xvOC1UYEP5gHaEK&pid=Api",
      "thumbnail_token": "291b81107a9235f9e5d9d6cd3eb736764ffbff058967ee55d19bf19c50c5c104",
      "title": "Miss Marple - Film - YouTube",
      "url": "https://www.youtube.com/watch?v=_UUc6PJlmXM",
      "width": 1280
    },
    {
      "height": 800,
      "image": "https://i.pinimg.com/736x/ef/ce/52/efce52abd98e82d88faaf125088deebd--cardigan.jpg",
      "image_token": "4e39fd5f6f0c8a2c789ff9fc83c19f61227d48bb8c62017a24f13fe204b72832",
      "source": "Bing",
      "thumbnail": "https://tse4.mm.bing.net/th?id=OIP.56WU-LTKadQUW6xsCp5z4wHaLI&pid=Api",
      "thumbnail_token": "9a326f1d92f77e9cf9fd2b16d51a7f98a3e45b7c85253f18954dbb30e07bb5e5",
      "title": "172 I was delighted that Miss Marple was also a guest. | Miss marple ...",
      "url": "https://www.pinterest.com/pin/702631979335951869/",
      "width": 532
    },
    {
      "height": 1020,
      "image": "http://image.tmdb.org/t/p/original/vC0GSitjOX7Q6f8bwolRRHnq1fX.jpg",
      "image_token": "829455ace8d64f5d91aa54ac70bbee6c838f311e50173eab5907254a5f6f83fe",
      "source": "Bing",
      "thumbnail": "https://tse3.mm.bing.net/th?id=OIP.dP6UJyTpR7EN9IJbiEDe3gHaLH&pid=Api",
      "thumbnail_token": "fb64e6a8a7796d99e910527785bc7dcd8d9d521b6287d73db851c642d4851b79",
      "title": "Download CBC Miss Marple Season 6 2014 torrent | IBit - Verified ...",
      "url": "https://ibit.uno/torrent/CBC-Miss-Marple-Season-6-2014-0f1474/",
      "width": 680
    },
    {
      "height": 390,
      "image": "http://4.bp.blogspot.com/-2aNJRe47Vzk/Tk2DiPIvTAI/AAAAAAAAJVY/Bke8KSDWEeY/w1200-h630-p-k-no-nu/missmarple.jpg",
      "image_token": "575e581cd873f7d95a5c899ebd7d7809828c7eddbc9147853792dac8b7333e9f",
      "source": "Bing",
      "thumbnail": "https://tse1.mm.bing.net/th?id=OIP.tks6bPoQ3QYXR3WA6L2f4gHaKU&pid=Api",
      "thumbnail_token": "7544d78cf946418c8455f3a59c7ca0caa2711b833a09c5fcae877e6999a82fbb",
      "title": "FLY HIGH!: NO MYSTERY UNSOLVED: MISS MARPLE IS HERE!",
      "url": "http://flyhigh-by-learnonline.blogspot.com/2011/08/no-mystery-unsolved-miss-marple-is-here.html",
      "width": 280
    },
    {
      "height": 2659,
      "image": "https://media.port.hu/images/001/265/776.jpg",
      "image_token": "b881550217459ca0a6bc30033271e540984eab05028e67b5b4adefad51811401",
      "source": "Bing",
      "thumbnail": "https://tse3.mm.bing.net/th?id=OIP.7G3WErDTpWIyJHgmU2jbuwHaE7&pid=Api",
      "thumbnail_token": "f540be68b01837de3dcd5240a8e2b0951250c60a6ef5a32b0a330fac7d58f594",
      "title": "Miss Marple t\u00f6rt\u00e9netei - Mi\u00e9rt nem sz\u00f3ltak Evansnek?",
      "url": "https://port.hu/adatlap/film/tv/miss-marple-tortenetei-miert-nem-szoltak-evansnek-marple-why-didnt-they-ask-evans/movie-101529?section=tv&title=miss-marple-tortenetei---miert-nem-szoltak-evansnek--marple-why-didnt-they-ask-evans&id=movie-101529",
      "width": 3996
    },
    {
      "height": 991,
      "image": "https://www.nydailynews.com/resizer/L7iN6lYLPn1wmFUNIQeCuMGLIVk=/1400x0/top/arc-anglerfish-arc2-prod-tronc.s3.amazonaws.com/public/GHOWNIHE7EEDXOHMY6XFCBYJQY.jpg",
      "image_token": "652416dd941daf64f519abca4f0ab6135feac4c9ea2cd1ba17cb0825d39be678",
      "source": "Bing",
      "thumbnail": "https://tse2.mm.bing.net/th?id=OIP.HNUtunKTxmysFUspn6CU-gHaFP&pid=Api",
      "thumbnail_token": "e37403bbe22400c8e8bb9c45c1224fe1a2211e3576e1cea75c082dab81c49fa1",
      "title": "Geraldine McEwan, 'Miss Marple' star, dead at 82 - New York Daily News",
      "url": "https://www.nydailynews.com/entertainment/geraldine-mcewan-marple-star-dead-82-article-1.2098918",
      "width": 1400
    },
    {
      "height": 760,
      "image": "https://new.static.tv.nu/52013986?forceFit=0&height=760&quality=50&width=1350",
      "image_token": "d7171f6151d706b2e19262435e3009fe627e0427a92c1362bce372accc80cd6c",
      "source": "Bing",
      "thumbnail": "https://tse1.mm.bing.net/th?id=OIP.JR3m80Io9Ac0SQ0z2URycAHaEK&pid=Api",
      "thumbnail_token": "833fd30eeb4384defa07e9f0f83cde0c927b2d40eb2a81f2953156a410a3aecf",
      "title": "Miss Marple",
      "url": "https://www.tv.nu/program/miss-marple",
      "width": 1350
    },
    {
      "height": 1000,
      "image": "https://ih0.redbubble.net/image.1837304304.9826/flat,1000x1000,075,f.jpg",
      "image_token": "749df5ce0731ab914081104745d1c31b9845476c07a2e0252759d679cab66d00",
      "source": "Bing",
      "thumbnail": "https://tse3.mm.bing.net/th?id=OIP.utAwiXaOQjaNlYlCwWipxAHaKl&pid=Api",
      "thumbnail_token": "f3a6fdc1f44d53a54ccaf41b6d87dc1bf33dd8b1d63e2695e8dba044802fcdb4",
      "title": "\"The original Miss Marple : Dame Margaret Rutherford (501 views as at ...",
      "url": "https://www.redbubble.com/people/mags0412/works/6759826-the-original-miss-marple-dame-margaret-rutherford-501-views-as-at-16th-august-2011",
      "width": 700
    },
    {
      "height": 843,
      "image": "https://d3fa68hw0m2vcc.cloudfront.net/e9c/234123497.jpeg",
      "image_token": "658cad1a9b8df6e488d825a12fb92f4e0a546cb3c3f0adfceef34276d8051147",
      "source": "Bing",
      "thumbnail": "https://tse1.mm.bing.net/th?id=OIP.t64ugM05vw079v2fyGt7swHaKd&pid=Api",
      "thumbnail_token": "d4cd16d87a7f0e33d21d57d76e0f56025fd9b461f4af4919aeee06ec3da34f4c",
      "title": "Agatha Christie's - Miss Marple | DVD | In-Stock - Buy Now | at Mighty ...",
      "url": "https://www.mightyape.co.nz/product/agatha-christies-miss-marple-series-1-3-dvd/33506550",
      "width": 597
    },
    {
      "height": 630,
      "image": "https://d26oc3sg82pgk3.cloudfront.net/files/media/edit/image/26683/og_image.jpg",
      "image_token": "88f29d973326532c6cfb6126a31466c78a90a7f86aac6919f8abec9892671d31",
      "source": "Bing",
      "thumbnail": "https://tse2.mm.bing.net/th?id=OIP.P197O3mY-ldjZSfIsX1fqgHaD4&pid=Api",
      "thumbnail_token": "49b5349d9d783df802e20ccbf9b971ac072703f77bddfbc9c81ed5cb0c39a22c",
      "title": "As Miss Marple, Actress Gets Fresh Start at 68",
      "url": "https://www.backstage.com/magazine/article/miss-marple-actress-gets-fresh-start-61713/",
      "width": 1200
    },
    {
      "height": 1536,
      "image": "https://static.independent.co.uk/s3fs-public/thumbnails/image/2015/02/01/21/Marple-ITV.jpg",
      "image_token": "0209dc5a17c21012e0e7f032681d27d1901b122ccd47f37e448d10c787afb18d",
      "source": "Bing",
      "thumbnail": "https://tse1.mm.bing.net/th?id=OIP.REh6KT45n_96Nku_veFbswHaFj&pid=Api",
      "thumbnail_token": "657bd1425ac200956d7caf50f9f76ebdd355e577450b712e6e568e9e0d0c812c",
      "title": "Geraldine McEwen: Actress whose decades of triumphs on the stage were ...",
      "url": "https://www.independent.co.uk/news/people/geraldine-mcewen-actress-whose-decades-of-triumphs-on-the-stage-were-topped-off-by-her-acclaimed-10016909.html",
      "width": 2048
    },
    {
      "height": 260,
      "image": "https://www.pbs.org/wgbh/masterpiece/wp-content/uploads/2017/04/marple-series-show-page-260x260.jpg",
      "image_token": "f67b957ec05d8294cf03f050070220fb2635e1e427250a790be4c7d0408e6fcf",
      "source": "Bing",
      "thumbnail": "https://tse3.mm.bing.net/th?id=OIP.vUPV4o700-Q1ZIEe_Lwo1wAAAA&pid=Api",
      "thumbnail_token": "1f6d504c1439a843bd5197237c608829e33107731160c2e77b16d36d50975ffe",
      "title": "Miss Marple | Masterpiece | Official Site | PBS",
      "url": "http://www.pbs.org/wgbh/masterpiece/shows/miss-marple/clips/",
      "width": 260
    },
    {
      "height": 1572,
      "image": "https://i.pinimg.com/originals/cb/f6/76/cbf676cbcd1eb59ee3015e62f19462a6.png",
      "image_token": "6abe983782cd5bb4a7c720cb2be3246a0d8d6711f76c2e8ee3f51753aacb6ffe",
      "source": "Bing",
      "thumbnail": "https://tse2.mm.bing.net/th?id=OIP.-S9aSEpEzqgTU6T5fsRy8wHaJ2&pid=Api",
      "thumbnail_token": "5a908a23dad8d72c8e8a3def6e1d265d300190fd00df8e041fc4747209223ee7",
      "title": "Miss Marple Art Print by Rebecca Sampson Design | Miss marple, Art ...",
      "url": "https://www.pinterest.com.mx/pin/831125306227392099/",
      "width": 1181
    },
    {
      "height": 375,
      "image": "http://cdn5.nflximg.net/images/8035/68035.jpg",
      "image_token": "218fa94843e2ed464c7a137c1bc58169920e0dff6e8de2f2d72d205ae9b54cf8",
      "source": "Bing",
      "thumbnail": "https://tse2.mm.bing.net/th?id=OIP.LDGntcNk90dNrpKma_yzgAHaEL&pid=Api",
      "thumbnail_token": "76682b607c860a469dd5f8fcaab9a59da6ccd6a94b5cfec0d6b9217dbf8e1368",
      "title": "Is Miss Marple Collection 1 (1984-1986) on Netflix USA?",
      "url": "https://whatsnewonnetflix.com/usa/m/miss-marple-collection-1--2",
      "width": 665
    },
    {
      "height": 900,
      "image": "https://www.themoviedb.org/t/p/w600_and_h900_bestv2/An34VbjbLfzDCYp0uHVAbeqpvsH.jpg",
      "image_token": "ad5820d079f0f899a2034850ccc521ebba7f898757b96130f6bffdd7c6377965",
      "source": "Bing",
      "thumbnail": "https://tse2.mm.bing.net/th?id=OIP.Sw48vcRUkG9ehF3Sy_h0ogHaLH&pid=Api",
      "thumbnail_token": "b42327231dcb576744d75092100c40431806e16277ab9a79fadfa2d1ad5ecf02",
      "title": "Miss Marple: At Bertram's Hotel (TV Series 1987-1987) \u2014 The Movie ...",
      "url": "https://www.themoviedb.org/tv/76468-miss-marple-at-bertram-s-hotel",
      "width": 600
    },
    {
      "height": 1308,
      "image": "https://media.port.hu/images/000/167/936.jpg",
      "image_token": "e9910f59f40d75a14d363e80165b618957b100c1d7b53ff9784f5bdaad61b0a9",
      "source": "Bing",
      "thumbnail": "https://tse1.mm.bing.net/th?id=OIP.LlN6fcvRkaCGOYd93dfH0AHaFo&pid=Api",
      "thumbnail_token": "4936c3f226945487b906bab2bbb52e437a52cc84b1e834a00d05d6da6f6839bb",
      "title": "Miss Marple - Nemezis",
      "url": "https://port.hu/adatlap/film/tv/miss-marple-nemezis-marple-nemesis/movie-100693",
      "width": 1722
    }
  ],
  "vqd": {
    "Miss%20Murple": "3-300185970472624675721676492455233108232-11314703306985858813556739419701538066"
  }
}
