{
  "ads": null,
  "next": "i.js?q=Detective%20Monk&o=json&p=1&s=100&u=bing&l=us-en",
  "query": "Detective Monk",
  "queryEncoded": "Detective%20Monk",
  "response_type": "images",
  "results": [
    {
      "height": 1365,
      "image": "https://images.wired.it/wp-content/uploads/2019/03/14200210/1552586528_lat-monk_j9vt7dnc.jpg",
      "image_token": "bcf32811f857de1acd348f187fd80539e771a52acaa6e7cd2ec52ea4284a5e36",
      "source": "Bing",
      "thumbnail": "https://tse4.mm.bing.net/th?id=OIP.aV2QxXUN9KfhU79TFvRW4QHaE7&pid=Api",
      "thumbnail_token": "9bf572870fda67442aa2daba9c1be21f9d67da111cb166c283108f2e37ddda27",
      "title": "Detective Monk: su Amazon un classico delle serie procedurali - Wired",
      "url": "https://www.wired.it/play/televisione/2019/03/15/detective-monk-recensione/",
      "width": 2048
    },
    {
      "height": 846,
      "image": "https://www.madforseries.it/uploads/2020/03/mnk/copertina-piccola@2x.jpg",
      "image_token": "1f5ea973eb3c5f2005b2fc545decf686ab3774308ce85483e02ab402689f9abc",
      "source": "Bing",
      "thumbnail": "https://tse2.mm.bing.net/th?id=OIP.TSt2TSyPkxs14cr7cav3ygHaFO&pid=Api",
      "thumbnail_token": "b786389e478d9a910dbcfea2c0edd86725b837eed4b65840df564ec18f3f2c6a",
      "title": "Detective Monk, la Serie TV - Mad for Series",
      "url": "https://www.madforseries.it/serie-tv/detective-monk/",
      "width": 1200
    },
    {
      "height": 370,
      "image": "https://www.superguidatv.it/wp-content/uploads/2016/11/Detective-Monk.jpg",
      "image_token": "8ad58c994f15947531e692424961d3166e076f8bc71f64ac771d9213d09da0b8",
      "source": "Bing",
      "thumbnail": "https://tse4.mm.bing.net/th?id=OIP.qLdxZe1P-OADtRMPvPEYZwHaEk&pid=Api",
      "thumbnail_token": "74f345c4c6445b54332858286ecdc1076e8759a534f2ba4b336c1933231619b2",
      "title": "Detective Monk, Serie TV su Top Crime! - Super Guida TV",
      "url": "https://www.superguidatv.it/detective-monk-serie-tv-top-crime/",
      "width": 600
    },
    {
      "height": 400,
      "image": "https://www.ludicer.it/streaming-telefilm/detective-monk/monk.png",
      "image_token": "4886378c5eab2774dd448fa7adfbe225506cf4611c9e9d244f1583589ea26f88",
      "source": "Bing",
      "thumbnail": "https://tse1.mm.bing.net/th?id=OIP.VdtNG8_T5JtmpyQ_sz7l2AAAAA&pid=Api",
      "thumbnail_token": "3571e7ab1c0b77d670ae1070b4ce821e7fa49952aeaeaeaebbea147702ae1d3c",
      "title": "Episodi in Streaming di Detective Monk >> LudiceR.it",
      "url": "https://www.ludicer.it/streaming-telefilm/detective-monk/",
      "width": 321
    },
    {
      "height": 425,
      "image": "http://static.fanpage.it.s3.amazonaws.com/tvfanpage/wp-content/uploads/2013/07/detective-monk.jpg",
      "image_token": "c04f425285da94ab2d7c6aa107b6ad0d152ba965596f147da661b465912b7971",
      "source": "Bing",
      "thumbnail": "https://tse2.mm.bing.net/th?id=OIP.pIav8ydSyxCu5nTTS1vBQgHaE7&pid=Api",
      "thumbnail_token": "19aa68ef4a0a6dc347213475a60fc27a699d7098ac39a6aec9910c34511fa142",
      "title": "I 10 detective della tv (FOTO)",
      "url": "http://tv.fanpage.it/i-10-detective-della-tv-foto/",
      "width": 638
    },
    {
      "height": 470,
      "image": "https://programma.sorrisi.com/guidatv/uploads/media/cache/epg_program_medium/uploads/epg/images/program/4/3/4/198434/originale/198434.jpg",
      "image_token": "d10d67968593bda26f3db8d873d18c0e119fb5de5c885265e9cc65bf408f8bcd",
      "source": "Bing",
      "thumbnail": "https://tse3.mm.bing.net/th?id=OIP.Fj2MuP5gqQI5OsDgzg4Y3wHaEo&pid=Api",
      "thumbnail_token": "38ed21f12eb2ac279a88eb6c2d98bcf19a56fb715e2a13cd697c9c71c52aa6bc",
      "title": "Detective Monk: 3X2 - TV Sorrisi e Canzoni",
      "url": "https://programma.sorrisi.com/detective-monk/stagione-3/episodio-2/",
      "width": 752
    },
    {
      "height": 589,
      "image": "https://i.pinimg.com/originals/1f/db/26/1fdb26f8b07cd330ab892bef47d78980.jpg",
      "image_token": "72b566a7af78219789ccfec8630489a62500c284625fa6119b4fbf1ebd557278",
      "source": "Bing",
      "thumbnail": "https://tse4.mm.bing.net/th?id=OIP.4Sz8QeAwDlqSa6TBgw3MXAAAAA&pid=Api",
      "thumbnail_token": "8cc41b369f9b47c4b63a517c0dec41cb7a0518a5072c5c116f9aa01fc3a0e997",
      "title": "Monk ( 2002-2009 ) | Monk tv show, Tony shalhoub, Tv shows",
      "url": "https://www.pinterest.com/pin/702561610608257843/",
      "width": 440
    },
    {
      "height": 800,
      "image": "https://guidatv.sky.it/uuid/b23b5022-bcd8-4a1e-8eda-2095783b151b/cover?md5ChecksumParam=f023c3a6d2de12cb4aeded5efe2b5115",
      "image_token": "3d37722927f45af2b1db557c2f5cc03ac14398959309ccc1e3da5f04b83d1243",
      "source": "Bing",
      "thumbnail": "https://tse3.mm.bing.net/th?id=OIP.6qg5YQRmS9avDBDyVqtt5AHaJ4&pid=Api",
      "thumbnail_token": "345d7e622e3ece7300bd350cdbb8e3c5a1378febb3f30f5a836bcaf8fb650104",
      "title": "Detective Monk - stagione 6 episodio 10 | Sky",
      "url": "https://guidatv.sky.it/serie-tv/detective-monk/stagione-6/episodio-10/b23b5022-bcd8-4a1e-8eda-2095783b151b",
      "width": 600
    },
    {
      "height": 371,
      "image": "http://3.bp.blogspot.com/-ZV6ikVG-aA4/TnYUZsO5SsI/AAAAAAAAAJI/JvI78ijTUHM/s1600/monk-allgemein-mit-schrift_2_w573_h_m.jpg",
      "image_token": "1cb5c686b6de0e1aeb1b13b7da0fcb3439312bc5b044af3ab88ee9e79eabdad1",
      "source": "Bing",
      "thumbnail": "https://tse3.mm.bing.net/th?id=OIP.rN7_NmzUf11XP-jo_kn7OAHaEy&pid=Api",
      "thumbnail_token": "f910a08b662f2485992ed5ea10c7b79cf8e221dfa933564d6e71ffeef2f8c590",
      "title": "Detective Monk- stagione 1-2-3-4-5-6-7-8 megaupload ita download",
      "url": "http://helllinks.blogspot.com/2011/09/detective-monk-stagione-1-2-3-4-5-6-7-8_18.html",
      "width": 573
    },
    {
      "height": 600,
      "image": "https://www.telefilmania.it/img/00monk_01.jpg",
      "image_token": "71dfd9ba1bc23a6ef4f5a1741ca521a90c456762ada41cda976a9a84cde76c1a",
      "source": "Bing",
      "thumbnail": "https://tse2.mm.bing.net/th?id=OIP.Bljon5ZOJyR6bENpUI-tIwHaJ4&pid=Api",
      "thumbnail_token": "88dc3ede9dc7c6151828d5452bcfaf25a4f9ef80cac9b9759cf1b5092fb6acc1",
      "title": "Detective Monk - Telefilmania.it",
      "url": "https://www.telefilmania.it/00monk.html",
      "width": 450
    },
    {
      "height": 630,
      "image": "https://scontent.ccdn.cloud/image/nospoiler/06e21c55-a073-4e5a-a335-10a0850bec56/monk-adrian-monk-23485514-590-300-1200x630.jpg",
      "image_token": "9443887f49fe2fc5884f631cf7111690a1f9f12919f6d87862271192927f93a8",
      "source": "Bing",
      "thumbnail": "https://tse3.mm.bing.net/th?id=OIP.FCCtH8B15NOtlCXwHXK1IgHaD4&pid=Api",
      "thumbnail_token": "560f7acc8e90a028b1b75549b8d4de545bfa6708e794141aee7d8a26819f08f5",
      "title": "Detective Monk, cast e personaggi: che fine hanno fatto?",
      "url": "https://nospoiler.it/2018/05/29/come-sono-adesso-il-detective-monk-sharona-e-tutti-gli-altri/",
      "width": 1200
    },
    {
      "height": 470,
      "image": "https://programma.sorrisi.com/guidatv/uploads/media/cache/epg_program_medium/uploads/epg/images/program/7/6/8/242867/originale/242867.jpg",
      "image_token": "12214a16bb3096c80dca4311ab56fe9860859d11400f5dad4b107a68cd72777a",
      "source": "Bing",
      "thumbnail": "https://tse3.mm.bing.net/th?id=OIP.4c49Aa9xM1eiz_9Udr9HWwHaEo&pid=Api",
      "thumbnail_token": "640af2b0a1b0091b9ed37a53ad9c14c3b990c499d9dab10f811467ce7b5ff5a9",
      "title": "Detective Monk: 1X13 - TV Sorrisi e Canzoni",
      "url": "https://programma.sorrisi.com/detective-monk/stagione-1/episodio-13/",
      "width": 752
    },
    {
      "height": 800,
      "image": "http://lh3.ggpht.com/_lTzx7emfj8Y/Szc50L0zl1I/AAAAAAAABYE/IQeaKB1AvFA/s72-c/monk%2019_thumb%5B6%5D.jpg?imgmax=800",
      "image_token": "18ff187117c9a838484549abec8024e20258a3faa6dbcea22d36fe640444d41f",
      "source": "Bing",
      "thumbnail": "https://tse4.mm.bing.net/th?id=OIP.giJKwMIS8Z4vRmHOLwHwaQHaHa&pid=Api",
      "thumbnail_token": "1fe5b30c1ba29e0cd7b9c5d46a5b865493d058abfc4cd36473d6e974636a2830",
      "title": "Detective Monk sesta stagione, da stasera su Rete 4 in prima serata ...",
      "url": "http://capannino.blogspot.com/2009/12/detective-monk-sesta-stagione-da.html",
      "width": 800
    },
    {
      "height": 469,
      "image": "https://programma.sorrisi.com/guidatv/uploads/media/cache/epg_program_large/uploads/epg/images/programseries/9/2/4/198429/originale/968.jpg",
      "image_token": "ab3456d6c61125cdff0e0a86219b9ea7890b1db860461584e7c0589fc8bcd43b",
      "source": "Bing",
      "thumbnail": "https://tse1.mm.bing.net/th?id=OIP.R2WNzUAfhnWquGw0ltB2JQHaEo&pid=Api",
      "thumbnail_token": "754ed4225182a87914cd2f0eef184df4ea1c3aae7f8c59fb2082d375e6226f89",
      "title": "Detective Monk: Episodi, Trama e Cast - TV Sorrisi e Canzoni",
      "url": "https://programma.sorrisi.com/detective-monk/",
      "width": 750
    },
    {
      "height": 1024,
      "image": "https://i.pinimg.com/originals/6d/af/68/6daf686547d8f1237a27aae437ad272e.jpg",
      "image_token": "1a1ed3bf7500e3054bcdcee801499b31f02dd4ce6b9ae5577300f54df24bba31",
      "source": "Bing",
      "thumbnail": "https://tse2.mm.bing.net/th?id=OIP.9abT_MUEHyfPWzqOdbNJhgHaF7&pid=Api",
      "thumbnail_token": "ecff7dc7bf16f84ee66ebe26dadb3fa16c88b50ce07e7b47f73415f142bb3437",
      "title": "Monk Wallpaper: Monk Wallpaper | Monk tv show, Detective monk, Adrian monk",
      "url": "https://www.pinterest.com/pin/274860383480563024/",
      "width": 1280
    },
    {
      "height": 300,
      "image": "https://www.extraprezzo.it/oc-content/uploads/328/28638_original.jpg",
      "image_token": "53ce3b027d6cebe4d98a6aae388ebff1d04e9ebce971370c28ed04dadb5866fb",
      "source": "Bing",
      "thumbnail": "https://tse3.mm.bing.net/th?id=OIP.PS16EOhQ6hi_CYkDKcc9ywAAAA&pid=Api",
      "thumbnail_token": "bad03535e2b506e4e4ff91cded70bae1e13438bfda9209e19a5073deb840945a",
      "title": "Detective Monk serie tv completa - 8 stagioni - Milano - DVD",
      "url": "https://www.extraprezzo.it/compro-vendo/dvd/detective-monk-serie-tv-completa-8-stagioni-i32876",
      "width": 225
    },
    {
      "height": 502,
      "image": "http://celiavincenzo.altervista.org/wp-content/uploads/2014/03/cv-monk001.jpg",
      "image_token": "72fc59e933f96b56c8ea7fad3df3a2f161389710c1fbff65d9df9665d7e0cf66",
      "source": "Bing",
      "thumbnail": "https://tse1.mm.bing.net/th?id=OIP.zV9hkkL6kj6_Y3s1Yb1dMgHaFd&pid=Api",
      "thumbnail_token": "5cd0b4d962d30f2924184c2cde8d9f277935485e18ba95bcc32221f4f8648c9d",
      "title": "Detective Monk - Celia Vincenzo",
      "url": "http://celiavincenzo.altervista.org/detective-monk/",
      "width": 680
    },
    {
      "height": 768,
      "image": "https://www.gratuitiannunci.it/wp-content/uploads/701464.jpg",
      "image_token": "27e4203597e1582a6a691035da5b9f8753113bd4731a7776c21860b50544f961",
      "source": "Bing",
      "thumbnail": "https://tse1.mm.bing.net/th?id=OIP.YKguNSjdySJtqffyksyeIQHaFj&pid=Api",
      "thumbnail_token": "354e10297e6d3a68a4f0e8cd97b2ed90c26b0d5416612fa081d5ba8e84467615",
      "title": "Detective Monk serie tv completa - 8 stagioni - Annunci Gratuiti",
      "url": "https://www.gratuitiannunci.it/offerta/detective-monk-serie-tv-completa-8-stagioni",
      "width": 1024
    },
    {
      "height": 572,
      "image": "https://i.pinimg.com/originals/29/1c/47/291c47f3efa0461785c1fc1c939a0ed9.jpg",
      "image_token": "f0ca400fe65623b771cc306dd3dc12dda7a7c4277fd11dcc1dcb9deaef04e55c",
      "source": "Bing",
      "thumbnail": "https://tse3.mm.bing.net/th?id=OIP.A0hHLV_1gCUrMB3eFrBo1wAAAA&pid=Api",
      "thumbnail_token": "ad3f166860467bc14254164a5a623084af19124b5150e50ed1e77d8746fa6dc5",
      "title": "Season 5 | Detective monk, Monk tv show, Tony shalhoub",
      "url": "https://www.pinterest.com/pin/629448485390524749/",
      "width": 396
    },
    {
      "height": 308,
      "image": "http://ficassets.fichub.com/Fox_uk_uk/character/122663.281x308.jpg",
      "image_token": "cc5e118b856c2445c9c89ad9ce0f2b8278308173024f8c1d2f9b79815b1476fd",
      "source": "Bing",
      "thumbnail": "https://tse3.mm.bing.net/th?id=OIP.UC4bvKiPBiv1cA5ZkjNz1QHaIH&pid=Api",
      "thumbnail_token": "6cada4011c42c185d0436f2889fc33709aca7f0cf100e63e1c008352e6228a40",
      "title": "Detective Adrian Monk - Monk | FOX TV UK",
      "url": "http://www.foxtv.co.uk/shows/monk/characters/detective-adrian-monk",
      "width": 281
    },
    {
      "height": 400,
      "image": "https://cdn.gelestatic.it/kataweb/tvzap/2019/03/taglioAlta_0025.jpg",
      "image_token": "95d35e6092807551a0edeebb86f616830c3ba8112f5e8593feec56319f54b861",
      "source": "Bing",
      "thumbnail": "https://tse4.mm.bing.net/th?id=OIP.BoCaxu2wqNOvpLHOGz_dMgHaC9&pid=Api",
      "thumbnail_token": "861dd5bdf7aefe6172ced3b62bfc78b6747592129c9f11c05b0560783aa9b534",
      "title": "Detective Monk: tra fobie e omicidi - Tvzap",
      "url": "http://tvzap.kataweb.it/news/251047/detective-monk-tra-fobie-e-omicidi/",
      "width": 1000
    },
    {
      "height": 300,
      "image": "https://s3-eu-west-1.amazonaws.com/static.screenweek.it/season/original/553?1455203438",
      "image_token": "862500a9326ea58d1ebda3f5f2d4fc46724c7a08e7ff90e4ff82376a4fa4a78b",
      "source": "Bing",
      "thumbnail": "https://tse1.mm.bing.net/th?id=OIP.mlflMAUw6Nk0zte_6A6djgAAAA&pid=Api",
      "thumbnail_token": "70bbec69d44d5c3494a887a0d2ff75b9aa94db3b37abd968ce31efcb0cc22c11",
      "title": "News su Stagione 3 di Detective Monk @ ScreenWEEK",
      "url": "https://www.screenweek.it/serietv/179-detective-monk/stagioni/553-stagione-3",
      "width": 300
    },
    {
      "height": 488,
      "image": "https://cb01.directory/serietv/wp-content/uploads/2019/03/Detective_Monk.jpg",
      "image_token": "debe89b4158572cd2cd00a4aebc9435d0e1ea3c0c6bb60bdbce6e62b2707fbd3",
      "source": "Bing",
      "thumbnail": "https://tse3.mm.bing.net/th?id=OIP.Io774UO425q4OwfsQJ4aBQAAAA&pid=Api",
      "thumbnail_token": "b8de20ad0cf7ddcd0a4f690416d063d50e32c560436678393af6fc79b4335b85",
      "title": "Detective Monk Streaming - SERIETV GRATIS by CB01.UNO",
      "url": "https://cb01.directory/serietv/detective-monk/",
      "width": 330
    },
    {
      "height": 297,
      "image": "http://voody.online/uploads/posts/2019-10/-detective-monk-2002-2002.jpg",
      "image_token": "8ca77b89f56d004caeb75fd5b0b2eb4bd23eadf299ab7dc95ceb5b399fc75807",
      "source": "Bing",
      "thumbnail": "https://tse3.mm.bing.net/th?id=OIP.BY4rSWXZcqbgcQXYJ8Hk1QAAAA&pid=Api",
      "thumbnail_token": "b42fcab76677fd4d830172617947207eb20ee3e1346288a387a9cf5b04047a35",
      "title": "\u039d\u03c4\u03b5\u03c4\u03ad\u03ba\u03c4\u03b9\u03b2 \u039c\u03bf\u03bd\u03ba / Detective Monk (2002) \u00bb \u03a4\u03b1\u03b9\u03bd\u03af\u03b5\u03c2 \u03c3\u03b5\u03b9\u03c1\u03b5\u03c2 online \u03bc\u03b5 ...",
      "url": "http://voody.online/load/seir/21955--detective-monk-2002.html",
      "width": 212
    },
    {
      "height": 405,
      "image": "https://api.superguidatv.it/v1/series/1661/backdrops/1?width=720",
      "image_token": "6ea5384fe058489dfc0d14b36888fcabc4cc0dca46502647f5ef62af9a48c5a1",
      "source": "Bing",
      "thumbnail": "https://tse1.mm.bing.net/th?id=OIP.L0YuRPlssakAD-EBfZGlHwHaEK&pid=Api",
      "thumbnail_token": "a9c5196acf8e99928467515d007ada5670a51dd334adf6b8c306d3a0e602a78c",
      "title": "Detective Monk: cast e trama - Super Guida TV",
      "url": "https://www.superguidatv.it/dettaglio-serie/detective-monk-cast-trama/sr1661",
      "width": 720
    },
    {
      "height": 425,
      "image": "https://i.pinimg.com/736x/16/dd/3e/16dd3ed938bbee31ceec68d2ee96e7fc.jpg",
      "image_token": "4460a27784d82f53c98934dd8554539e5efffc98f012455049c05e8482e67f51",
      "source": "Bing",
      "thumbnail": "https://tse4.mm.bing.net/th?id=OIP.ePyyJvcjsClAB_OWEFUMowAAAA&pid=Api",
      "thumbnail_token": "08e8036883b47b5861f990a31a8784f3dd7ddeb0e8fe87ccceec05e5a21eed03",
      "title": "Monk Photo: Monk | Monk tv show, Detective monk, Mr monk",
      "url": "https://www.pinterest.com/pin/711005859902084460/",
      "width": 245
    },
    {
      "height": 960,
      "image": "https://i.pinimg.com/736x/34/c7/c8/34c7c8fbf76d6e44976d370f7d157613.jpg",
      "image_token": "362e261203463123f7a727175a145c029c1e2cae97ec08bbf3ac8c467dfb0aec",
      "source": "Bing",
      "thumbnail": "https://tse3.mm.bing.net/th?id=OIP.RibFJ2V9oYCJaicFFJiPqwHaJ4&pid=Api",
      "thumbnail_token": "e12e0783f6b1fc0f6804b53e67c5f14ef0c812bb6a12000380273c205359ab9d",
      "title": "Found on Bing from www.pinterest.com | Monk tv show, Adrian monk, Mr monk",
      "url": "https://www.pinterest.com/pin/361836151312294741/",
      "width": 720
    },
    {
      "height": 660,
      "image": "https://guidatv.sky.it/uuid/48ba5165-7163-4101-92c4-949dea60351c/background?md5ChecksumParam=fc5f0d52767b278bf285fc7675d3d420&tr=n-hero_desktop_1920",
      "image_token": "b9414a81181bf6769fc117a91efd434d2aaf28397e47ba48cd33560242555119",
      "source": "Bing",
      "thumbnail": "https://tse2.mm.bing.net/th?id=OIP.vj__3DzUBjhPpOfH-KYGBQHaCi&pid=Api",
      "thumbnail_token": "5506b5757ec6d3bfce3979b790d3edd55d7eb6d5cf42cdbe3527ceb211fb2bc5",
      "title": "Detective Monk | Sky",
      "url": "https://guidatv.sky.it/serie-tv/detective-monk/48ba5165-7163-4101-92c4-949dea60351c",
      "width": 1920
    },
    {
      "height": 382,
      "image": "https://i.pinimg.com/originals/54/45/f8/5445f8537c1f7d9bc4f9194ef16e3a95.jpg",
      "image_token": "58b3e7f33332eabf28c7e0b0a7b4d25d56daac06fce0a3438681aa4092c4db6d",
      "source": "Bing",
      "thumbnail": "https://tse4.mm.bing.net/th?id=OIP.DRdgSf1RtT_HphSsAornTgAAAA&pid=Api",
      "thumbnail_token": "8acbe6e9e8e083254d154d1f730be84512f5762cf03c05724a35f642101529d2",
      "title": "Adrian Monk | Adrian monk, Monk tv show, Detective monk",
      "url": "https://www.pinterest.com/pin/546765210991091721/",
      "width": 377
    },
    {
      "height": 271,
      "image": "https://nientepopcorn.b-cdn.net/serietv-img/detective-monk-78490-locandina_o.jpg",
      "image_token": "1595566b73f327db97a1d14cde85404a6fc6dbe9ba10d7fa8dd2de2ce1897e01",
      "source": "Bing",
      "thumbnail": "https://tse1.mm.bing.net/th?id=OIP.nwTAF3fAcO4_RQyQuWhcJwAAAA&pid=Api",
      "thumbnail_token": "de43e6a094d77cea169c54e2790a8e75954e845d359d9d2169f8a2729e942168",
      "title": "Detective Monk (2002) - Recensioni, Episodi e Citazioni",
      "url": "https://www.nientepopcorn.it/serie-tv/detective-monk/",
      "width": 185
    },
    {
      "height": 846,
      "image": "https://www.madforseries.it/uploads/2019/02/kng/copertina-piccola@2x.jpg",
      "image_token": "60778c92b27eae7d0bfb738cdd7330aaf016ca1fad7b3e7b8689d8c4086c7faa",
      "source": "Bing",
      "thumbnail": "https://tse3.mm.bing.net/th?id=OIP.dfy4OciD9G5RFMXw8xRpzgHaFO&pid=Api",
      "thumbnail_token": "9bd30a4d01d1813a1e1b87896ffbdcebb93c6d0080291cac378bf0bfe3c88e3e",
      "title": "Detective Monk in Streaming - Mad for Series",
      "url": "https://www.madforseries.it/streaming/detective-monk/",
      "width": 1200
    },
    {
      "height": 646,
      "image": "https://i.pinimg.com/originals/f6/c2/44/f6c244a22d4163cee4ec52b8c51e64c5.jpg",
      "image_token": "851dd9c23cab37b3bed98ed8c286698545b777b71e26206b872926e6ef6a8171",
      "source": "Bing",
      "thumbnail": "https://tse1.mm.bing.net/th?id=OIP.FoSTOIFsM3IfZm662WTINgHaE8&pid=Api",
      "thumbnail_token": "fe4e054d821a96b6a7da0fad1e4e54b9822b0522aab0f908ec2d2522d9de5d82",
      "title": "Found on Bing from www.huffingtonpost.com | Monk tv show, Adrian monk ...",
      "url": "https://www.pinterest.com/pin/236790892894466783/",
      "width": 969
    },
    {
      "height": 846,
      "image": "https://www.madforseries.it/uploads/2019/05/nsf/copertina-piccola@2x.jpg",
      "image_token": "4204eccb99c669c03830c1e53649c462382ad6177679ee7e9f55f090f7312a8c",
      "source": "Bing",
      "thumbnail": "https://tse2.mm.bing.net/th?id=OIP.txLPJ8cxGvUPAdXlqULAIgHaFO&pid=Api",
      "thumbnail_token": "7ba1cd906f7f97ff1923f5024d7eb51b62dcc8df5c542d0e5d4f5efb09edefeb",
      "title": "Detective Monk in Streaming - Mad for Series",
      "url": "https://www.madforseries.it/streaming/detective-monk/",
      "width": 1200
    },
    {
      "height": 640,
      "image": "https://i.pinimg.com/originals/b4/63/64/b46364dcc8338480c9548443a08b2c83.jpg",
      "image_token": "0dcd79a45174ede8e1ed8e1a50c82c36a0e01c6f61cff55d54b6c97eb97465a7",
      "source": "Bing",
      "thumbnail": "https://tse1.mm.bing.net/th?id=OIP.X06F3Afp8nBOCsA_XnpnLgHaHa&pid=Api",
      "thumbnail_token": "91ffdda22b51383c9a576f46ce97cb9b2a93d2c286920f9ff4984a9f7338ff49",
      "title": "Pin by Mojgan Shariatmadar on Monk | Mr monk, Detective monk, Monk",
      "url": "https://www.pinterest.com/pin/172051648250538154/",
      "width": 640
    },
    {
      "height": 501,
      "image": "http://2.bp.blogspot.com/_NOpN-_zDZRo/TLsASZK6HwI/AAAAAAAAAFc/a-zpEANVR5Q/s1600/detective+monk.jpg",
      "image_token": "4d5296d5e86740b78177f482d0d6b9600eeecd622c233adfb40ff26e7ba117ab",
      "source": "Bing",
      "thumbnail": "https://tse4.mm.bing.net/th?id=OIP.BDx_9fyKhcPK2Qkn9QSu8gAAAA&pid=Api",
      "thumbnail_token": "e40565b14ac7595bac945de7f20d58cfd8fc5647bc968955e4ee3348107d9971",
      "title": "filmgratistreaming: Detective monk streaming gratis megavideo",
      "url": "http://filmgratistreaming.blogspot.com/2010/10/detective-monk-streaming-gratis.html",
      "width": 370
    },
    {
      "height": 600,
      "image": "https://i.pinimg.com/736x/fc/5a/81/fc5a81551acbf3fd5479eed75d57f858.jpg",
      "image_token": "b59365d23a52863958df9cfe52d8577b90562ead8c01e4ab11030e1a6c054543",
      "source": "Bing",
      "thumbnail": "https://tse3.mm.bing.net/th?id=OIP.Guwm2HdnrJJ6TRYTt4goBwHaHa&pid=Api",
      "thumbnail_token": "1d5ec0bf5213e987e533922fd8fe61f388f36aea1edfdc7c2ead717ed81a8770",
      "title": "Pin by Andy Talnagi on Mr Monk | Mr monk, Monk tv show, Detective monk",
      "url": "https://www.pinterest.com/pin/556264991483773746/",
      "width": 600
    },
    {
      "height": 900,
      "image": "http://www.topkool.com/fr/wp-content/uploads/2012/07/monk-035.jpg",
      "image_token": "750e6b95622633178edb4502a42298df3d695b491c087d9bb792491c12aa62a3",
      "source": "Bing",
      "thumbnail": "https://tse4.mm.bing.net/th?id=OIP.9Pem5Zz0o6HlLiILI7VBHQHaEK&pid=Api",
      "thumbnail_token": "c38878eb4890e8c15c7ada035e03d51b5ca4e7d08fd30517937bb05ed5c92152",
      "title": "Monk - S\u00e9ries TV - TopKool",
      "url": "http://www.topkool.com/fr/series-tv/monk",
      "width": 1600
    },
    {
      "height": 400,
      "image": "https://images.critictoo.com/wp-content/uploads/2020/08/Monk-Serie-TV.jpg",
      "image_token": "bfb70844d323e3e22d944ee7ae6c01ffd9cd13673bca045db1211fb2a6be09f0",
      "source": "Bing",
      "thumbnail": "https://tse4.mm.bing.net/th?id=OIP.RKimWSA4uv7MaTur6CJs1wHaE8&pid=Api",
      "thumbnail_token": "c220874573c159986c1799813a176557ce4a4b67239be01935fe9c79d506b909",
      "title": "Monk : Un d\u00e9tective obsessionnel pas comme les autres - Critictoo S\u00e9ries TV",
      "url": "https://www.critictoo.com/critiques-serie-tv/monk-serie/",
      "width": 600
    },
    {
      "height": 283,
      "image": "https://movieplayer.net-cdn.it/t/images/2008/03/04/la-locandina-di-monk-54901_jpg_191x283_crop_q85.jpg",
      "image_token": "6cf7df2b2f5072158ac19769884aa00a8c98d2f27ee0644d102e0f9fb25f77c8",
      "source": "Bing",
      "thumbnail": "https://tse1.mm.bing.net/th?id=OIP.CuUjK2iJGN32Hju6Kvlw9gAAAA&pid=Api",
      "thumbnail_token": "9534b9bb88721b6d16fdcc96c46fa700d23edb29d2a02a4dd328276442fcfa6c",
      "title": "Detective Monk (2002). Stagione 3 - Movieplayer.it",
      "url": "https://movieplayer.it/serietv/detective-monk_561/stagione-3/",
      "width": 191
    },
    {
      "height": 1080,
      "image": "https://culturadigitale.me/wp-content/uploads/2019/09/detective-monk-s05e05-tnt-vilage-torrent.jpg",
      "image_token": "25e2287daf01c666fcbb8806ac5c269ef5b180dd1763334df5c51b5dd868ca13",
      "source": "Bing",
      "thumbnail": "https://tse3.mm.bing.net/th?id=OIP.0o6cziCrEQEBTHzNdGhTBgHaEK&pid=Api",
      "thumbnail_token": "dc5a01f5a72e35e6df0ce2d76039995278c78c9b7bf31dd69f50cd42ca7f9410",
      "title": "Detective Monk S05e05 TNT-Vilage Torrent",
      "url": "https://culturadigitale.me/detective-monk-s05e05-tnt-vilage-torrent/",
      "width": 1920
    },
    {
      "height": 1003,
      "image": "https://i.pinimg.com/736x/45/fe/d2/45fed27ead89155fa38d6bd5e494a0eb--television-tv-serie-tv.jpg",
      "image_token": "45654a0b3d3bd1a2b11a7df9ed2f658215a0e27916d830002d4dd4c9d30549e4",
      "source": "Bing",
      "thumbnail": "https://tse4.mm.bing.net/th?id=OIP.TtEsRFnsY3KbhpdiCtSeFgHaKF&pid=Api",
      "thumbnail_token": "5108b4d50b28abf094e4d9919ba87c4cbe932adcefcc582a390ba12cf6df2a82",
      "title": "Affiches, posters et images de Monk (2002) | Monk tv show, Monk serie ...",
      "url": "https://www.pinterest.com/pin/858569116437796680/",
      "width": 736
    },
    {
      "height": 800,
      "image": "https://guidatv.sky.it/uuid/48ba5165-7163-4101-92c4-949dea60351c/cover?md5ChecksumParam=6953f88785a1a4799e09805081662bf6",
      "image_token": "784325633afc5f4165c0606907a42291c9f1a06e2c608487ac8073a4942ab105",
      "source": "Bing",
      "thumbnail": "https://tse4.mm.bing.net/th?id=OIP.rH3Ed-p87cmlqrzq2WPFfgHaJ4&pid=Api",
      "thumbnail_token": "1a160dd6937b7945788ac01702a2213c92180f80e95e475b0abc60935f153b35",
      "title": "Detective Monk | Sky",
      "url": "https://guidatv.sky.it/serie-tv/detective-monk/48ba5165-7163-4101-92c4-949dea60351c",
      "width": 600
    },
    {
      "height": 2175,
      "image": "http://fc07.deviantart.net/fs25/f/2008/108/0/3/Detective_Monk_Season_1_by_eldivino87.jpg",
      "image_token": "833c038f209c87c0bdaff116adb2531e0adef36616ac5fa8483b28b8b52fb9b0",
      "source": "Bing",
      "thumbnail": "https://tse1.mm.bing.net/th?id=OIP.a0PTOuGpyziYn9Vavc4KewHaE-&pid=Api",
      "thumbnail_token": "b41666a4855ff4481452ee60214fd8661a2350b98379ad44b058c48cd74363be",
      "title": "Detective Monk Season 1 by eldivino87 on DeviantArt",
      "url": "http://eldivino87.deviantart.com/art/Detective-Monk-Season-1-83126163",
      "width": 3240
    },
    {
      "height": 2175,
      "image": "https://orig00.deviantart.net/45ca/f/2008/108/c/7/detective_monk_season_2_by_eldivino87.jpg",
      "image_token": "3d71f96397e758be09c663cd62b54b3f80126ef1938efd44c4a3a85eeccb404a",
      "source": "Bing",
      "thumbnail": "https://tse4.mm.bing.net/th?id=OIP.Vr3eDm6WoLCyzvYZPqF5egHaE-&pid=Api",
      "thumbnail_token": "9d6ddfdb0c34de4b45c3b80932566da2fd2367ce821fb8b645e05a28233ca1e4",
      "title": "Detective Monk Season 2 by eldivino87 on DeviantArt",
      "url": "https://eldivino87.deviantart.com/art/Detective-Monk-Season-2-83126423",
      "width": 3240
    },
    {
      "height": 368,
      "image": "https://www.annunci-subito.it/adpics/bae28131967442e9f55549e351a700d7.jpg",
      "image_token": "56651dfed571863eeda5b323fd6c220e56228ef929dc6766e53c579e8650c692",
      "source": "Bing",
      "thumbnail": "https://tse2.mm.bing.net/th?id=OIP.9GYYhAK3dRfMv-c5cin0OwAAAA&pid=Api",
      "thumbnail_token": "505c3133dd25852233cec7e22c47fa3ddf0905da82d6daa348ad19bf0e8def34",
      "title": "Detective Monk serie tv completa - Tutte le stagioni",
      "url": "https://www.annunci-subito.it/-107_italia/5_compra_e_vendi/16_audio_tv_elettronica/198352_detective_monk_serie_tv_completa_tutte_le_stagioni.html",
      "width": 294
    },
    {
      "height": 343,
      "image": "https://www.cinetivu.com/wp-content/uploads/2009/11/Monk.jpg",
      "image_token": "44583cbb352a7ca374133fddd1b910451e70773bbb2603680d085b3dc38aa272",
      "source": "Bing",
      "thumbnail": "https://tse4.mm.bing.net/th?id=OIP.3APsl_ZahbKmpRMJkDCwpgHaFp&pid=Api",
      "thumbnail_token": "b4319a3eee650ff5c8b2215511a9fb55c2384617579246083dfd9e8d69e74b38",
      "title": "Detective Monk la settima stagione arriva su Joy | CineTivu",
      "url": "https://www.cinetivu.com/serie-tv/serie-tv-poliziesca/detective-monk-settima-stagione-joy/",
      "width": 450
    },
    {
      "height": 234,
      "image": "https://i.pinimg.com/originals/66/de/18/66de18c00a825c476fa9188f9ec2c502.jpg",
      "image_token": "22953cd468724f4dbad6e0c34278027d8b809914a1fcbc247d840d73988c134e",
      "source": "Bing",
      "thumbnail": "https://tse1.mm.bing.net/th?id=OIP.KxtjsB2yPBZk6nozpWjtZAHaDd&pid=Api",
      "thumbnail_token": "81ce114a1b36ba5a2ed3624ab3aa27d4bf7f40abb0d90fda5df894cb5a7c9abc",
      "title": "Mr. Monk | Monk tv show, Adrian monk, Detective monk",
      "url": "https://www.pinterest.com/pin/399694535650749360/",
      "width": 500
    },
    {
      "height": 200,
      "image": "https://www.serie-in-tv.it/immagini-serie/detective-monk.jpg",
      "image_token": "f9d94ed09534df3386af1c7103514f1104b971b6a14071c7cbe30c5ae7bc384f",
      "source": "Bing",
      "thumbnail": "https://tse1.mm.bing.net/th?id=OIP.eU_E16KoDyELvjDOo0ac4AHaHa&pid=Api",
      "thumbnail_token": "9663ba5000c0f87f8e8e60a6ee7e1135f61d337722cc1569f243e13de19125ec",
      "title": "Detective Monk, Monk, Serie Tv Detective Monk, Telefilm Detective Monk",
      "url": "https://www.serie-in-tv.it/detective-monk/default.asp",
      "width": 200
    },
    {
      "height": 400,
      "image": "https://i.pinimg.com/originals/cd/d7/4a/cdd74a7b71daaf448f36d11bf8342f8a.jpg",
      "image_token": "f813bc82b2417a5bac3a1f2e55746b86fd7ece9aca499290224978224b07e3a2",
      "source": "Bing",
      "thumbnail": "https://tse4.mm.bing.net/th?id=OIP.2259t2oAzkEgstTECWGaogHaFY&pid=Api",
      "thumbnail_token": "18696eaf14eaaed6ce1253008d17ee462dde7dfd7ff5b0d42b0f431b877539bd",
      "title": "Pin on Detective Monk",
      "url": "https://www.pinterest.com/pin/620793129874758530/",
      "width": 550
    },
    {
      "height": 960,
      "image": "https://i.pinimg.com/originals/3f/dc/bf/3fdcbfe669b1558b99bb48fbc8b7bd8a.jpg",
      "image_token": "eb7c9a367625cbbcab03ce72940972ac90c093ba3b76c6be9f440334770f11da",
      "source": "Bing",
      "thumbnail": "https://tse4.mm.bing.net/th?id=OIP.bub15D-RsnGoaQDlvi2J9AHaLH&pid=Api",
      "thumbnail_token": "4aa37d9631276cf7c784366105dc15cce46c7c30f2a481ba0bcf34c78eee935d",
      "title": "Found on Bing from www.pinterest.com | Adrian monk, Monk tv show, Mr monk",
      "url": "https://www.pinterest.com/pin/545357836129583816/",
      "width": 640
    },
    {
      "height": 440,
      "image": "https://i.pinimg.com/originals/05/ed/dd/05eddd90b9f4dc9f19b50dbfbc495e19.png",
      "image_token": "c6ca3f8f9860b702ed0fa3a08dce068635b3e4e04611de8167f2780b49dbc1ad",
      "source": "Bing",
      "thumbnail": "https://tse2.mm.bing.net/th?id=OIP.s6SI6YwBE5VCUARrn2vVvQAAAA&pid=Api",
      "thumbnail_token": "4645fa2f074643db06e760a7b956c6bba92aef810e23ad880bdf8de127222103",
      "title": "Randy Disher | Monk Wiki | Fandom | Monk tv show, Mr monk, Detective monk",
      "url": "https://www.pinterest.com/pin/533535887112810455/",
      "width": 300
    },
    {
      "height": 1236,
      "image": "https://i.pinimg.com/originals/08/96/3a/08963aa0d076671ab2aa00a278fe902b.jpg",
      "image_token": "1f843d6a4aa5f71a32640727ecd5677387152d8d0a074f7c582cc85dd16e57ba",
      "source": "Bing",
      "thumbnail": "https://tse3.mm.bing.net/th?id=OIP.kUUCUshNurNKu344S9qB7QHaJJ&pid=Api",
      "thumbnail_token": "3f6a85176a1e1633af2eece156acb0f12fef5b2efe992232f7b46a341054cf26",
      "title": "Monk TV Show posters | Detective monk, Mr monk, Monk tv show",
      "url": "https://www.pinterest.com.mx/pin/135389532526859689/",
      "width": 1000
    },
    {
      "height": 660,
      "image": "https://guidatv.sky.it/uuid/5f04966d-4600-4a55-ac0c-a8d71d82d83a/background?md5ChecksumParam=abfe8626d4829c7ceed812780245a740&tr=n-hero_desktop_1920",
      "image_token": "758cb64b020b844945b527e4528c2db3ff38ad0fd9f1f0c05844f8eb10879924",
      "source": "Bing",
      "thumbnail": "https://tse4.mm.bing.net/th?id=OIP.Q44KtAz-vx-GItYVkxa1jAHaCi&pid=Api",
      "thumbnail_token": "c3a987d260fa81530a0b807637f30f00a2179caca5fecc1bccfc1404db93c517",
      "title": "Detective Monk - stagione 6 episodio 15 | Sky",
      "url": "https://guidatv.sky.it/serie-tv/detective-monk/stagione-6/episodio-15/5f04966d-4600-4a55-ac0c-a8d71d82d83a",
      "width": 1920
    },
    {
      "height": 720,
      "image": "https://images.askmen.com/recess/fun_lists/10-fictional-detectives-you-wouldn-t-want-on-your-case_476977.jpg",
      "image_token": "2397505c190f886a080969d2131251a7acdb0f1693828762fd57f84951c3e122",
      "source": "Bing",
      "thumbnail": "https://tse4.mm.bing.net/th?id=OIP.nX2KnMxlnVApKuOkINi-swHaEK&pid=Api",
      "thumbnail_token": "51272a81b1e3ce85a47d60db859856f61c98fde2a41fc2701a296f2dd3dddb64",
      "title": "Adrian Monk (Monk) : 10 Worst Fictional Detectives - AskMen",
      "url": "https://www.askmen.com/recess/fun_lists/10-fictional-detectives-you-wouldn-t-want-on-your-case_6.html",
      "width": 1280
    },
    {
      "height": 350,
      "image": "https://i.pinimg.com/originals/0f/ab/8d/0fab8d78a970b1533ae718cddb8d510b.jpg",
      "image_token": "a9efa6b7f6742d53d806874a95b92c5668fb86f53b2736bd559cc934d91caf98",
      "source": "Bing",
      "thumbnail": "https://tse4.mm.bing.net/th?id=OIP.nmByOvemyOr7aZ7mkyo8FwAAAA&pid=Api",
      "thumbnail_token": "074e495505792cdaae0b603cda43abad96af613ae70533e6b9faa65c4082f039",
      "title": "Pin by hastings785 on Monk | Mr monk, Detective monk, Adrian monk",
      "url": "https://www.pinterest.com/pin/378372806186565761/",
      "width": 450
    },
    {
      "height": 630,
      "image": "https://scontent.ccdn.cloud/image/nospoiler/c639680b-6b1a-4d67-8027-989b43b0f073/monk-finale-serie-tv-1200x630.jpg",
      "image_token": "2d6cb8c4af0a649d47e531fae995df9569cb8706db9f5327968bc61cecf8658a",
      "source": "Bing",
      "thumbnail": "https://tse2.mm.bing.net/th?id=OIP.QIDcczFo6tAuVF6Z94K5wQHaD4&pid=Api",
      "thumbnail_token": "8bb79611cda4546c7637ccb3fff5bf98fdcfb61d6f22ba5dbc513be65a13a4ff",
      "title": "Com'\u00e8 finita la serie del Detective Monk?",
      "url": "https://nospoiler.it/2020/05/19/detective-monk-finale-serie-tony-shalhoub/",
      "width": 1200
    },
    {
      "height": 321,
      "image": "https://www.calcolovotodilaurea.it/wp-content/uploads/2019/03/1552586429_5963ece42100003400fc6358-845x321.jpeg",
      "image_token": "a5e381e5b03084daca244ea9e45b9cd41c72f9b10e598ccefaec6cfb574806c1",
      "source": "Bing",
      "thumbnail": "https://tse1.mm.bing.net/th?id=OIP.Q13PJWhJZDWxt1ipwbXmfAHaC0&pid=Api",
      "thumbnail_token": "b815fbdb9773214c0226e8e9e38bb75f99435936bb467008734cac89ca99a045",
      "title": "Detective Monk: su Amazon un classico delle serie procedurali",
      "url": "https://www.calcolovotodilaurea.it/detective-monk-su-amazon-un-classico-delle-serie-procedurali/",
      "width": 845
    },
    {
      "height": 660,
      "image": "https://guidatv.sky.it/uuid/5c1657ee-f3cd-4eef-b414-0376f72c3444/background?md5ChecksumParam=bdc4d022d1ee903003f422c462a6d708&tr=n-hero_desktop_1920",
      "image_token": "66bd3dbd602e2f41f69eb3b3167b724a3ad6ac262285ca665c0e646dc386777a",
      "source": "Bing",
      "thumbnail": "https://tse1.mm.bing.net/th?id=OIP.T5z3MO1feagYqqpBtL8qHgHaCi&pid=Api",
      "thumbnail_token": "603ea51b0032f861c4817523ea95a0a08107d4345031f293681407abf71c305d",
      "title": "Detective Monk - stagione 2 episodio 4 | Sky",
      "url": "https://guidatv.sky.it/serie-tv/detective-monk/stagione-2/episodio-4/5c1657ee-f3cd-4eef-b414-0376f72c3444",
      "width": 1920
    },
    {
      "height": 315,
      "image": "https://i.pinimg.com/originals/5e/bc/b8/5ebcb8a4e18bc4a92caaba9df3876388.jpg",
      "image_token": "913647b4136e0d173a8f539deac5845b4d47f5b7dd5a00e653b244655606908f",
      "source": "Bing",
      "thumbnail": "https://tse4.mm.bing.net/th?id=OIP.p03lzvCxwvPBykRTWTSYhAAAAA&pid=Api",
      "thumbnail_token": "bbaed849c9547231a4187d90a8dc88d6722b55af5e545fffa182457fb9913abd",
      "title": "adrian monk - Google Search | Adrian monk, Detective monk, Monk tv show",
      "url": "https://www.pinterest.com/pin/485474034822427376/",
      "width": 425
    },
    {
      "height": 317,
      "image": "https://www.antoniogenna.net/doppiaggio/telefilm/monk.jpg",
      "image_token": "39188f1d0a2f1316bbf69941d18e011715aad6b6bdee4b326776d986f6c5e583",
      "source": "Bing",
      "thumbnail": "https://tse3.mm.bing.net/th?id=OIP.kMEAellSWjrQxjT5EiFjtgHaEt&pid=Api",
      "thumbnail_token": "61711fe159a74ab22bb5816e2de7be1169f914c75231372e6ed54162ba8457ad",
      "title": "AntonioGenna.net presenta: IL MONDO DEI DOPPIATORI - ZONA TELEFILM ...",
      "url": "https://www.antoniogenna.net/doppiaggio/telefilm/monk.htm",
      "width": 498
    },
    {
      "height": 300,
      "image": "https://s3-eu-west-1.amazonaws.com/static.screenweek.it/episode/original/9378?1455185312",
      "image_token": "39713bbce67277fb80390383dfe1c44a77e1a503925fe4d25866ccf37f54b3f5",
      "source": "Bing",
      "thumbnail": "https://tse2.mm.bing.net/th?id=OIP.n8mZ4vpVGnxspMUJ365l-wAAAA&pid=Api",
      "thumbnail_token": "52663ddbbdc99b8af2f0b2629ac4b1b4a9a73f5693734cd28b4769c4e5b1cc81",
      "title": "Detective Monk - Stagione 4 - Il signor Monk torna a casa: trama, cast ...",
      "url": "https://www.screenweek.it/serietv/179-detective-monk/stagioni/554-stagione-4/episodi/9377-il-signor-monk-torna-a-casa",
      "width": 300
    },
    {
      "height": 871,
      "image": "http://i1.cdnds.net/12/46/618x871/tv_monk_1.jpg",
      "image_token": "b39762f0c7edfd8474480e7ea23764da2e2467f2a424507810a7525773cdfe5d",
      "source": "Bing",
      "thumbnail": "https://tse1.mm.bing.net/th?id=OIP.nfcQGYTyBNZx_HDaitRicQHaKc&pid=Api",
      "thumbnail_token": "cc90c99fcc4ffbc87f6aced661464085e21dc88f785584da3ca48d46c27b310d",
      "title": "Monk - The Greatest TV Detectives - Digital Spy",
      "url": "http://digitalspy.co.uk/tv/i513557-8/the-greatest-tv-detectives-monk.html",
      "width": 618
    },
    {
      "height": 3464,
      "image": "https://i.pinimg.com/originals/02/05/fe/0205fe1b4f29a68450e0a3bbeb2e8886.jpg",
      "image_token": "c38c7d48d6c28608bb0bc57cb8fcdbfeb7d8c72c8ff0d36f0a40f43e4f1e658b",
      "source": "Bing",
      "thumbnail": "https://tse4.explicit.bing.net/th?id=OIP.X92lYT6KVQNYKv-SGkuN-gHaHa&pid=Api",
      "thumbnail_token": "5a88fbf87eda3d675d5e90d2821da1aed1a25c3dce63be65535ddcd5ed9856ba",
      "title": "me monk goes to mexico | Mr monk, Monk tv show, Detective monk",
      "url": "https://www.pinterest.com.mx/pin/687361961859494734/",
      "width": 3464
    },
    {
      "height": 732,
      "image": "http://pre08.deviantart.net/6a7a/th/pre/f/2008/108/0/3/detective_monk_season_1_by_eldivino87.jpg",
      "image_token": "53d3379653b8a23e7c5d409b1343be86ab2c83206da12f8fbc7c7689ce512597",
      "source": "Bing",
      "thumbnail": "https://tse4.mm.bing.net/th?id=OIP.xyGJAbxi3uQYMyRzdMXHvAHaE-&pid=Api",
      "thumbnail_token": "ba42ca4508a2cb43c7dd37ad3283ccb2553bb742b9120ef8955b3f33c61b308a",
      "title": "Detective Monk Season 1 by eldivino87 on DeviantArt",
      "url": "http://eldivino87.deviantart.com/art/Detective-Monk-Season-1-83126163",
      "width": 1091
    },
    {
      "height": 300,
      "image": "https://s3-eu-west-1.amazonaws.com/static.screenweek.it/episode/original/9396?1455185319",
      "image_token": "ea69c16ef5387e2f2f7ff895bbaf3a68ce2d4db20a93a1cbaffa97fd16e94609",
      "source": "Bing",
      "thumbnail": "https://tse3.mm.bing.net/th?id=OIP.aIbJzZvcC8DHUnSlbc3Z-QAAAA&pid=Api",
      "thumbnail_token": "60bfb6f83189f9c2f4097b520a8b3cfef504952e2a529576a2e8b1d117385e69",
      "title": "Detective Monk - Stagione 5 - Il signor Monk non ci vede: trama, cast ...",
      "url": "https://www.screenweek.it/serietv/179-detective-monk/stagioni/555-stagione-5/episodi/9396-il-signor-monk-non-ci-vede",
      "width": 300
    },
    {
      "height": 300,
      "image": "https://s3-eu-west-1.amazonaws.com/static.screenweek.it/episode/original/9955?1455185552",
      "image_token": "bb5c697ddd9fc060d5a4b42634311fd212d5d85fc33d48e3d6f8ea2899d1c44c",
      "source": "Bing",
      "thumbnail": "https://tse2.mm.bing.net/th?id=OIP.4AcbGSO4M6HX2MvGhlbl2gAAAA&pid=Api",
      "thumbnail_token": "7ff27ffb7fa8d54da5a7584d0b131fd3eda34862bf450190f1542f2120ecb338",
      "title": "Detective Monk - Stagione 8 - Mr. Monk e la fine (seconda parte): trama ...",
      "url": "https://www.screenweek.it/serietv/179-detective-monk/stagioni/558-stagione-8/episodi/9955-mr-monk-e-la-fine-seconda-parte",
      "width": 300
    },
    {
      "height": 427,
      "image": "http://www.telesimo.it/images/stories/detectivemonk/monkmain.jpg",
      "image_token": "71f80e1ef2c6225fef14ff424b082425659a1e8a0a578bde555830f4af3375dd",
      "source": "Bing",
      "thumbnail": "https://tse3.explicit.bing.net/th?id=OIP.Fc5TuCKfCkzHJARCG8LJqAAAAA&pid=Api",
      "thumbnail_token": "4d5205845e8b77edd9594534711537e28c8c77fe6cce6fcf8a719981aef7433b",
      "title": "Detective Monk - Telefilm",
      "url": "http://www.telesimo.it/detective-monk/",
      "width": 400
    },
    {
      "height": 200,
      "image": "https://www.serie-in-tv.it/immagini-serie/detective-monk-2.jpg",
      "image_token": "a917a84bcbc1a17225beed60ebd944ad89435beffecbc54ecba32d0e6ea147f2",
      "source": "Bing",
      "thumbnail": "https://tse2.mm.bing.net/th?id=OIP.Yh2J2mhntL5gHymUE6NIMgHaHa&pid=Api",
      "thumbnail_token": "e90b0b967626bce3a9aa5ab7c26d0e9b69591ad6e05e69dd58eacf847d806f9c",
      "title": "Detective Monk, Monk, Serie Tv Detective Monk, Telefilm Detective Monk",
      "url": "https://www.serie-in-tv.it/detective-monk/default.asp",
      "width": 200
    },
    {
      "height": 720,
      "image": "https://i.ytimg.com/vi/J6dMQVHxKEA/maxresdefault.jpg",
      "image_token": "0cce67f643c4633f623c4b5ac0b89974c97177258937eb04ec0d7e2f6a1fc10f",
      "source": "Bing",
      "thumbnail": "https://tse3.mm.bing.net/th?id=OIP.JoTiXvGWJWIH91eu93XO5QHaEK&pid=Api",
      "thumbnail_token": "f4a2570dc32c38d3012204a33fe5b27082e150c0ca8e189fbac99f6bf21cafa8",
      "title": "Detective Monk - YouTube",
      "url": "https://www.youtube.com/watch?v=J6dMQVHxKEA",
      "width": 1280
    },
    {
      "height": 714,
      "image": "https://i.pinimg.com/736x/e9/e8/d0/e9e8d0eff61d00e591eebc5882a896d5--tv-series-final.jpg",
      "image_token": "4113fdde2326470fa1e8700ca943a2eb71ba4bd96df68d9d9ef0808e34dda2d2",
      "source": "Bing",
      "thumbnail": "https://tse4.mm.bing.net/th?id=OIP.mw9WKbnJTr-Cx2ZVXLFmawHaKk&pid=Api",
      "thumbnail_token": "ccdde115a17ade4de5f388859f1d18f8ab5a09c08c6728ada8bfef9a78172819",
      "title": "Tony shalhoub, Monk, Detective monk",
      "url": "https://www.pinterest.com/pin/197173289916128054/",
      "width": 500
    },
    {
      "height": 392,
      "image": "https://scontent.ccdn.cloud/image/nospoiler/a1b33780-1f5e-4367-87a6-7507fa339d80/uno-dei-personaggi-principali-di-detective-monk-randy-disher-maxw-697.jpg",
      "image_token": "ff6c6e77aa6cc968119b3c48c70deba50e14bddeb7d748dea36f088d95fa295c",
      "source": "Bing",
      "thumbnail": "https://tse3.mm.bing.net/th?id=OIP.JvbwS1QSm1NbsHBxzHAhQQHaEK&pid=Api",
      "thumbnail_token": "9008666d69082510e7bc4f25fb20e77705ff81455170f4f9dee252829983f987",
      "title": "Detective Monk, cast e personaggi: che fine hanno fatto?",
      "url": "https://nospoiler.it/2018/05/29/come-sono-adesso-il-detective-monk-sharona-e-tutti-gli-altri/",
      "width": 697
    },
    {
      "height": 720,
      "image": "https://i.ytimg.com/vi/JVnKBKa_iKk/maxresdefault.jpg",
      "image_token": "e1215c9f90d42b6c2c8e8ed281fe61a0f304a0e45f15546cd66b57eb043283fd",
      "source": "Bing",
      "thumbnail": "https://tse2.mm.bing.net/th?id=OIP.70LJPvzD2D_k5TpMNUTengHaEK&pid=Api",
      "thumbnail_token": "727ee5250c9908a2b7b55fa4ad6b192c9416f71e0200103cd8e874d51896e8e6",
      "title": "Detective Monk Intro Song - YouTube",
      "url": "https://www.youtube.com/watch?v=JVnKBKa_iKk",
      "width": 1280
    },
    {
      "height": 352,
      "image": "https://scontent.ccdn.cloud/image/nospoiler/e2fe6936-bf69-486c-870e-d6b18f66ec14/adrien-monk-personaggio-principale-di-monk-maxw-697.jpg",
      "image_token": "33ed65f3c886cb4d59e84ecbe0600ff3591988a941590bb804f2b0ab5a906f6b",
      "source": "Bing",
      "thumbnail": "https://tse3.mm.bing.net/th?id=OIP.jr9TZVH75r7u4rXKEeCrIgHaEE&pid=Api",
      "thumbnail_token": "c6de556cba2c993585902378ae820e7981e6a96501b213d68487db7d5a6a6a36",
      "title": "Com'\u00e8 finita la serie del Detective Monk?",
      "url": "https://nospoiler.it/2020/05/19/detective-monk-finale-serie-tony-shalhoub/",
      "width": 640
    },
    {
      "height": 259,
      "image": "https://filmsenzalimiti.blog/wp-content/uploads/2014/08/Detective-Monk.jpg",
      "image_token": "2555b24e0b56cca6c99b3cccf1c3bf33fe789d5c3035290a6624f2a3f7cf82ef",
      "source": "Bing",
      "thumbnail": "https://tse2.mm.bing.net/th?id=OIP.Z1WiCc09TxkwUOH0rBtLtgAAAA&pid=Api",
      "thumbnail_token": "97a3bffb3256295d53ad8e262f558412cf3a6a5eb72b2facf42ebc46f082d597",
      "title": "Detective Monk Streaming | Filmsenzalimiti",
      "url": "https://filmsenzalimiti.blog/1-detective-monk/",
      "width": 192
    },
    {
      "height": 350,
      "image": "http://celiavincenzo.altervista.org/wp-content/uploads/2014/03/cv-monk003.jpg",
      "image_token": "26dd62eb715ea36bc55c6c7bb07183a7a78fecb22662bd02cbeb2aefe6b10168",
      "source": "Bing",
      "thumbnail": "https://tse3.mm.bing.net/th?id=OIP.sbQ6uluRa1cxIRe6hh_u7wHaFL&pid=Api",
      "thumbnail_token": "07477f31868dbee535751015d4930a3c6dea85675d05dde7d6c5ec5e2e6470e4",
      "title": "Detective Monk - Celia Vincenzo",
      "url": "http://celiavincenzo.altervista.org/detective-monk/",
      "width": 500
    },
    {
      "height": 470,
      "image": "https://programma.sorrisi.com/guidatv/uploads/media/cache/epg_program_medium/uploads/epg/images/program/0/0/originale/283636.jpg",
      "image_token": "68ed0a66080137e415172f1ea7c2a8c22bc799218221af98315a9c9ff83a2a71",
      "source": "Bing",
      "thumbnail": "https://tse1.mm.bing.net/th?id=OIP.DwDzG0xeoPaQ9ESzhtaPvgHaEo&pid=Api",
      "thumbnail_token": "8ee532aad227af3dbfb1550f0119ee8ea91d4a7545a4b8c8177912384e0aca51",
      "title": "Detective Monk: 1X17 - TV Sorrisi e Canzoni",
      "url": "https://programma.sorrisi.com/detective-monk/stagione-1/episodio-17/",
      "width": 752
    },
    {
      "height": 234,
      "image": "https://images.critictoo.com/wp-content/uploads/2020/08/Monk-Serie-TV-351x234.jpg",
      "image_token": "31edc2c21ed69126b236123c9f35e19088ff785e99561abdf80f4d17f3006ce5",
      "source": "Bing",
      "thumbnail": "https://tse3.mm.bing.net/th?id=OIP.Nasz4YGiVzDSuw01CSDG5gAAAA&pid=Api",
      "thumbnail_token": "4b6355c2ad7fcf1e9447e071d3db240a6eef8055e251b5f8e1d9d76a3201b819",
      "title": "Monk : Un d\u00e9tective obsessionnel pas comme les autres - Critictoo S\u00e9ries TV",
      "url": "https://www.critictoo.com/critiques-serie-tv/monk-serie/",
      "width": 351
    },
    {
      "height": 1240,
      "image": "https://i.redd.it/nwypxi5fm3161.jpg",
      "image_token": "fdd4fa98b5b3890764340b592eb3959f10244e6b392bb495896760ee99347721",
      "source": "Bing",
      "thumbnail": "https://tse1.mm.bing.net/th?id=OIP.wfx-zbBbQYZXNDRzElurdAHaFP&pid=Api",
      "thumbnail_token": "6ea0cfd47d25adaf3296936fca7e2bed78adc1ec6394eedb014c81f4288e6e40",
      "title": "[RF] A hard boiled detective Goblin Monk with Prosthetic Arms for u ...",
      "url": "https://www.reddit.com/r/characterdrawing/comments/jzw8o5/rf_a_hard_boiled_detective_goblin_monk_with/",
      "width": 1754
    },
    {
      "height": 300,
      "image": "https://s3-eu-west-1.amazonaws.com/static.screenweek.it/episode/original/9430?1455185335",
      "image_token": "24f98b665b83367b79d0cf9982887350dd7df7d92500c4d2265f4acbb9cea65e",
      "source": "Bing",
      "thumbnail": "https://tse4.mm.bing.net/th?id=OIP.JR7dUkgoj95C0PPa9-JlEgAAAA&pid=Api",
      "thumbnail_token": "d208a40092b97f37212e497e950b5f7be4f07ec73bf4646ee8be96fbed90639b",
      "title": "Detective Monk - Stagione 7 - Il signor Monk e la straniera: trama ...",
      "url": "https://www.screenweek.it/serietv/179-detective-monk/stagioni/557-stagione-7/episodi/9431-il-signor-monk-e-la-straniera",
      "width": 300
    },
    {
      "height": 660,
      "image": "https://guidatv.sky.it/uuid/7f0220e4-37c9-4f1c-9227-be925e66bc45/background?md5ChecksumParam=6a9121a587e78e59c6f7dcf147fd751f&tr=n-hero_desktop_1920",
      "image_token": "ee1b79a186de687a49e22dc4aea79de04b486cdfb565e3458743ac1b126ee617",
      "source": "Bing",
      "thumbnail": "https://tse1.mm.bing.net/th?id=OIP.D8NjO5jdI_p_Cw7LQZNjmQHaCi&pid=Api",
      "thumbnail_token": "5c71948f1176630249795cde140535a461d833cd395b8cde51906f08f9ac7e4d",
      "title": "Detective Monk - stagione 3 episodio 16 | Sky",
      "url": "https://guidatv.sky.it/serie-tv/detective-monk/stagione-3/episodio-16/7f0220e4-37c9-4f1c-9227-be925e66bc45",
      "width": 1920
    },
    {
      "height": 384,
      "image": "https://i.pinimg.com/736x/60/04/a6/6004a699ad33820007bfd9270968b434--detective-monk-detective-series.jpg",
      "image_token": "b9a5fe938bf9957bd55acf1199e3c571942c6305455a410849d092342d45848f",
      "source": "Bing",
      "thumbnail": "https://tse4.mm.bing.net/th?id=OIP.vA98NzfJtiShuox3v0u9SAHaHi&pid=Api",
      "thumbnail_token": "2cbe860c0c43f53a4f1affb63c0757f1eee5832ed94dbcc15af3272e7646a7de",
      "title": "Monk TV Series, Detective Monk Television Show - USA Network -Monk TV ...",
      "url": "https://www.pinterest.com.mx/pin/479844535267871688/",
      "width": 377
    },
    {
      "height": 203,
      "image": "https://programma.sorrisi.com/guidatv/uploads/media/cache/epg_program_medium/uploads/epg/images/program/0/0/originale/204902.jpg",
      "image_token": "7d6a96ef0a57f44f802b8f9b0a563692c48ba8825212cda6a264881e26b75014",
      "source": "Bing",
      "thumbnail": "https://tse4.mm.bing.net/th?id=OIP.ezJj9bvRC-72HmXtpZDCOwAAAA&pid=Api",
      "thumbnail_token": "df4aef7cd031ec029d33615967f61fd8ab72df19e75e510dc14c7801d6a176df",
      "title": "Detective Monk: 8X4 - TV Sorrisi e Canzoni",
      "url": "https://programma.sorrisi.com/detective-monk/stagione-8/episodio-4/",
      "width": 360
    },
    {
      "height": 512,
      "image": "https://www.cinemacritico.it/wp-content/uploads/2012/06/Monk-768x512.jpg",
      "image_token": "912aa1d2353d5a2683a9464d2269e4d25bfa03b9aedf8732b425b2fcf973ee65",
      "source": "Bing",
      "thumbnail": "https://tse2.mm.bing.net/th?id=OIP.l88ddfl51QdSjMiY3OXozgHaE8&pid=Api",
      "thumbnail_token": "32e53896f40c280f728fc31a444ce8ebac7df9fcdf9e12262c08551069a8e4e5",
      "title": "Detective Monk",
      "url": "https://www.cinemacritico.it/monk-541.html",
      "width": 768
    },
    {
      "height": 1129,
      "image": "https://i.pinimg.com/736x/8d/b8/ff/8db8ff8aeccd403202120daeb3d9f21a.jpg",
      "image_token": "4d717e25f0cb7005e9f355b9b7372fb91d7008f17768bfadd07c50a3d0380a0a",
      "source": "Bing",
      "thumbnail": "https://tse2.mm.bing.net/th?id=OIP.Y0uulrMZD8leC2XXxvTzSwHaLX&pid=Api",
      "thumbnail_token": "4376570b75ac8f79007f18f8915377dc5d6781787b718343fbd30e2ba4a27c8a",
      "title": "Love this episode! I'm watching \"Monk.\"\ud83d\udc99 | Monk tv show, Detective monk ...",
      "url": "https://br.pinterest.com/pin/779474647989097797/",
      "width": 736
    },
    {
      "height": 600,
      "image": "http://images.fanpop.com/images/image_uploads/Cast-of-Monk-monk-118690_800_600.jpg",
      "image_token": "358d413b6d3507d47baf71b089450bd9cfa85b4ba190a0f720c9b2c705ef4250",
      "source": "Bing",
      "thumbnail": "https://tse3.mm.bing.net/th?id=OIP.gIKyZrvtNPUQyqdlxhMJKwHaFj&pid=Api",
      "thumbnail_token": "8dd75aa41045a547542fc95da70b757828d768e04a74d3d1542f8e0c71818324",
      "title": "Cast of Monk - Monk Photo (118690) - Fanpop",
      "url": "http://www.fanpop.com/clubs/monk/images/118690/title/cast-monk-photo",
      "width": 800
    },
    {
      "height": 479,
      "image": "https://i.pinimg.com/originals/76/a3/0b/76a30b63ee18690f65d59038fa259e71.png",
      "image_token": "57479fe783963f70358fc4d252a6db5f1138ba6f96177506a8a755a59071ad74",
      "source": "Bing",
      "thumbnail": "https://tse4.mm.bing.net/th?id=OIP._UUYQV61aYmy-r0pNZ1W1QAAAA&pid=Api",
      "thumbnail_token": "168ad99f0a1faa4cda137c810ee2465b4cd0be060e4a23e939f2da503e53d08a",
      "title": "| Render Adrian Monk - Films et S\u00e9ries TV - PNG image sans fond ...",
      "url": "https://www.pinterest.com/pin/513832638720843850/",
      "width": 360
    },
    {
      "height": 507,
      "image": "http://jenniferlawrenceitalia.altervista.org/wp-content/uploads/2014/02/1.-Monk.jpg",
      "image_token": "4912a63289a5ace2aa3f0be6ef01a1fb2ccc255b58498e3b4d9bcbfa2bde1cfa",
      "source": "Bing",
      "thumbnail": "https://tse2.mm.bing.net/th?id=OIP.BDDd6zKWo_6awuIwqCnitAAAAA&pid=Api",
      "thumbnail_token": "33d2d205bb82785433b53238e3ef6cc136f256b67f6f8720408dd43c9fa1928f",
      "title": "Detective Monk (2006) | Jennifer Lawrence Italia",
      "url": "http://jenniferlawrenceitalia.altervista.org/carriera/filmografia/televisione/2006-2/detective-monk/",
      "width": 364
    },
    {
      "height": 1046,
      "image": "https://scontent.ccdn.cloud/image/nospoiler/88ddd88e-8eff-445a-bfce-b6bc2a9f4ff1/tony-shalhoub-durante-un-evento-maxw-697.jpg",
      "image_token": "5b7e182493ef5021f43b4117d11ba1fb70f8aada5ef8c76977078a7d8c42977c",
      "source": "Bing",
      "thumbnail": "https://tse4.mm.bing.net/th?id=OIP.pHm2mDw3w4IwaZ1YKDC-zgHaLH&pid=Api",
      "thumbnail_token": "2592b201e0f984bca67bd11a7401e2724fbeda1214554f8080df58cfe39de4be",
      "title": "Detective Monk, cast e personaggi: che fine hanno fatto?",
      "url": "https://nospoiler.it/2018/05/29/come-sono-adesso-il-detective-monk-sharona-e-tutti-gli-altri/",
      "width": 697
    },
    {
      "height": 2175,
      "image": "http://orig02.deviantart.net/ffe1/f/2008/108/3/5/detective_monk_season_3_by_eldivino87.jpg",
      "image_token": "36805d7beecfc0f90d5c4374b492f9c54e47e579f5d97032e057a0c37ff85827",
      "source": "Bing",
      "thumbnail": "https://tse1.mm.bing.net/th?id=OIP.KshcbA8V3QbkNgHAExk6mQHaE-&pid=Api",
      "thumbnail_token": "0abc2d5f3a50d078aba62dd5b499d31ed71e52941324fa2dcce38073be9eb59a",
      "title": "TELEFILM DOWNLOAD 2: DETECTIVE MONK - (Stagione 3) - DVD RIP",
      "url": "http://tfdownload2.blogspot.com/2017/07/detective-monk-stagione-3-dvd-rip.html",
      "width": 3240
    },
    {
      "height": 1003,
      "image": "https://i.pinimg.com/736x/b8/77/20/b87720cb9787e8bbd7c5137c223293ef--detective-monk-tv-streaming.jpg",
      "image_token": "2bb31ea92b9c048a6bc7e1cbc8cf7f8e2fe8a737a84ca64d23a134345d96808d",
      "source": "Bing",
      "thumbnail": "https://tse2.mm.bing.net/th?id=OIP.HDwFLtr2d6lF8Vh0k59k3wHaKF&pid=Api",
      "thumbnail_token": "8064f1d9f08f1b2401e7cb6fe94b4b9a758e9f09f07f4e9d0de41faf21aa4d89",
      "title": "Affiches, posters et images de Monk (2002) | Detective monk, Monk tv ...",
      "url": "https://www.pinterest.fr/pin/348184614923836833/",
      "width": 736
    },
    {
      "height": 901,
      "image": "https://scontent.ccdn.cloud/image/nospoiler/821b1bfd-1c2a-4241-bde4-e6dfa3ee336c/max-morrow-ha-recitato-in-detective-monk-maxw-697.jpg",
      "image_token": "5bfbfb9182b2bea52c21fc0eda1fb66c4bca4a02035575b462977b50fdd26f65",
      "source": "Bing",
      "thumbnail": "https://tse4.mm.bing.net/th?id=OIP.fRKjrgAjIc5Qj0rRfJ_ECQHaKb&pid=Api",
      "thumbnail_token": "eb701c80ab9f872f917b8ab26036a46ce53d5f97c4f33c84acef8048bb357b2d",
      "title": "Detective Monk, cast e personaggi: che fine hanno fatto?",
      "url": "https://nospoiler.it/2018/05/29/come-sono-adesso-il-detective-monk-sharona-e-tutti-gli-altri/",
      "width": 640
    },
    {
      "height": 320,
      "image": "https://entertainment.time.com/wp-content/uploads/sites/3/2012/05/monk.jpg?w=480&h=320&crop=1",
      "image_token": "0b43075a20d8d48f954d08042e88383ac9da1520ba4343be80b627d71c01ea14",
      "source": "Bing",
      "thumbnail": "https://tse3.mm.bing.net/th?id=OIP.8MxL_YpE3UQi-_JRy4XJTgHaE8&pid=Api",
      "thumbnail_token": "5319ae4c124167bfa75f757e134c8d16e3eb7263cb61de48aa55b4f0f1b376da",
      "title": "Adrian Monk | Clued In: The Top 10 Television Detectives | TIME.com",
      "url": "https://entertainment.time.com/2012/05/04/top-10-television-detectives/slide/adrian-monk/",
      "width": 480
    },
    {
      "height": 281,
      "image": "https://i.pinimg.com/originals/84/ba/16/84ba16d5c9e2d57d97054751a7e910cb.jpg",
      "image_token": "d96118d7acef9a105b99b1c1591b31dda2da5e2d870ba66c7c925af9479f3b6d",
      "source": "Bing",
      "thumbnail": "https://tse1.mm.bing.net/th?id=OIP.oxoMbJM2EZxc--kt73pnIwHaEK&pid=Api",
      "thumbnail_token": "3c80f09941371c3476cb9e71722aed45ae12d504d3ae7d4d0cc5f11c9acac8f7",
      "title": "Pin on TV I Have Watched",
      "url": "https://www.pinterest.com/pin/281543708300176/",
      "width": 500
    },
    {
      "height": 703,
      "image": "https://i.pinimg.com/originals/8f/27/40/8f2740470e689760881fb8f5da8466c4.jpg",
      "image_token": "46077e2414f503140a0e12c84e160b5c04883205dc3f13ec81deb41c4c957ff5",
      "source": "Bing",
      "thumbnail": "https://tse3.explicit.bing.net/th?id=OIP.sWimF9Gu8Y-j6uRKM7NOmgHaFi&pid=Api",
      "thumbnail_token": "0262496664f8b657fd64b8e9a4c66d71f49547cf872babfb4c544a36f103c7cc",
      "title": "Pin by Marion Brockmann on Adrian Monk | Detective monk, Monk serie ...",
      "url": "https://www.pinterest.com/pin/38069559320085714/",
      "width": 939
    },
    {
      "height": 732,
      "image": "https://images-wixmp-ed30a86b8c4ca887773594c2.wixmp.com/intermediary/f/d1d1e2c6-ee51-4293-a515-380ee73ebb74/d1dhp6d-0415b744-986b-42d0-8b9c-2b04fb832629.jpg/v1/fill/w_1091,h_732,q_70,strp/detective_monk_season_4_by_eldivino87_d1dhp6d-pre.jpg",
      "image_token": "5375826baf347dac951aae8d0b721075dffccf1a60d0df00e9c00cdce772aa36",
      "source": "Bing",
      "thumbnail": "https://tse1.mm.bing.net/th?id=OIP.St96shAkE1vK8wx-fdOkVQHaE-&pid=Api",
      "thumbnail_token": "daca49aa4f96955f26f93e10982ab7c46b3c303f4f2d6cad54cd9c0ec5b59c16",
      "title": "Detective Monk Season 4 by eldivino87 on DeviantArt",
      "url": "https://www.deviantart.com/eldivino87/art/Detective-Monk-Season-4-83126965",
      "width": 1091
    },
    {
      "height": 226,
      "image": "https://programma.sorrisi.com/guidatv/uploads/media/cache/epg_program_medium/uploads/epg/images/program/0/5/8/59850/originale/33703.jpg",
      "image_token": "14fe290a7ac9f81bb3f14d48ca4839db21f333af95234307833dbb5e4fdaecc2",
      "source": "Bing",
      "thumbnail": "https://tse4.mm.bing.net/th?id=OIP.3fqXgS5pydv684aR1BGG0QAAAA&pid=Api",
      "thumbnail_token": "f073d1568278b5fdbca824ee0ca2c8a9aa46d4ff5d6a54df25bd14f3e7c14ad6",
      "title": "Detective Monk: 8X1 - TV Sorrisi e Canzoni",
      "url": "https://programma.sorrisi.com/detective-monk/stagione-8/episodio-1/",
      "width": 360
    },
    {
      "height": 350,
      "image": "https://i.pinimg.com/originals/49/da/be/49dabedab7f2135659f0cea592cd0620.jpg",
      "image_token": "8bb213e82f450aef70dae721aad30743675832ba0d9f3adefa5d89cc5aeed38b",
      "source": "Bing",
      "thumbnail": "https://tse4.mm.bing.net/th?id=OIP.HB43SRo69BIQFKpoEFJ_lgAAAA&pid=Api",
      "thumbnail_token": "cde350f7cd100c85a654e4b47eba345b0277941055bd8959d760e4422d4262e2",
      "title": "TV shows on Pinterest | Adrian Monk, Fantasy Island and Detective ...",
      "url": "https://www.pinterest.com/pin/508906826633903472/",
      "width": 236
    },
    {
      "height": 1971,
      "image": "https://culturadigitale.me/wp-content/uploads/2019/09/detective-monk-s05e04-tnt-vilage-torrent.jpg",
      "image_token": "69f748055e8dbd4de677b08b7831fea8caac3842d932f35034518b155d1ea61f",
      "source": "Bing",
      "thumbnail": "https://tse1.explicit.bing.net/th?id=OIP.J8m-8bqjhcLgWWGXNAt1PQHaLZ&pid=Api",
      "thumbnail_token": "89932e031650bcd4acc127725bf972e175fa20bdf061d107ef8f7b3117bf9861",
      "title": "Detective Monk S05e04 TNT-Vilage Torrent",
      "url": "https://culturadigitale.me/detective-monk-s05e04-tnt-vilage-torrent/",
      "width": 1280
    },
    {
      "height": 767,
      "image": "https://i.pinimg.com/originals/96/a4/47/96a44727dee62f6ecfdbd933123ead6b.jpg",
      "image_token": "34dd2428491abc2e248d1c3bf7cbc1e4722135e85cfeff7cf2b010166ebc7370",
      "source": "Bing",
      "thumbnail": "https://tse2.mm.bing.net/th?id=OIP.7Pn4OTRfnTy4S-8S4PghrwHaHx&pid=Api",
      "thumbnail_token": "db74c04225a6641d6e3e5ee6529e83458fe6e2ef832123e61d9f07d0c52bd394",
      "title": "[OC] [ART] The Governor - Tabaxi Monk : DnD | Tabaxi monk, Oc art ...",
      "url": "https://www.pinterest.com/pin/856458054134400925/",
      "width": 731
    },
    {
      "height": 732,
      "image": "https://pre00.deviantart.net/6a7a/th/pre/f/2008/108/0/3/detective_monk_season_1_by_eldivino87.jpg",
      "image_token": "5ac07567d9356120ddf2b0619d919c2065912701abc8bfdda9366255c399b917",
      "source": "Bing",
      "thumbnail": "https://tse2.mm.bing.net/th?id=OIP.9lqwx8HiHiOX0gOueHct6gHaE-&pid=Api",
      "thumbnail_token": "0768e0bb1ed66e66398b951091b36070c0cb1324a678f2863f3e63c774a64788",
      "title": "Detective Monk Season 1 by eldivino87 on DeviantArt",
      "url": "http://eldivino87.deviantart.com/art/Detective-Monk-Season-1-83126163",
      "width": 1091
    }
  ],
  "vqd": {
    "Detective%20Monk": "3-154598790531465753725694437165332912758-11314703306985858813556739419701538066"
  }
}
