501	KISSING DOLLS	A Insightful Reflection of a Pioneer And a Teacher who must Build a Composer in The First Manned Space Station	2006	141	R
502	KNOCK WARLOCK	A Unbelieveable Story of a Teacher And a Boat who must Confront a Moose in A Baloon	2006	71	PG-13
503	KRAMER CHOCOLATE	A Amazing Yarn of a Robot And a Pastry Chef who must Redeem a Mad Scientist in The Outback	2006	171	R
504	KWAI HOMEWARD	A Amazing Drama of a Car And a Squirrel who must Pursue a Car in Soviet Georgia	2006	46	PG-13
505	LABYRINTH LEAGUE	A Awe-Inspiring Saga of a Composer And a Frisbee who must Succumb a Pioneer in The Sahara Desert	2006	46	PG-13
506	LADY STAGE	A Beautiful Character Study of a Woman And a Man who must Pursue a Explorer in A U-Boat	2006	67	PG
507	LADYBUGS ARMAGEDDON	A Fateful Reflection of a Dog And a Mad Scientist who must Meet a Mad Scientist in New Orleans	2006	113	NC-17
508	LAMBS CINCINATTI	A Insightful Story of a Man And a Feminist who must Fight a Composer in Australia	2006	144	PG-13
509	LANGUAGE COWBOY	A Epic Yarn of a Cat And a Madman who must Vanquish a Dentist in An Abandoned Amusement Park	2006	78	NC-17
510	LAWLESS VISION	A Insightful Yarn of a Boy And a Sumo Wrestler who must Outgun a Car in The Outback	2006	181	G
511	LAWRENCE LOVE	A Fanciful Yarn of a Database Administrator And a Mad Cow who must Pursue a Womanizer in Berlin	2006	175	NC-17
512	LEAGUE HELLFIGHTERS	A Thoughtful Saga of a A Shark And a Monkey who must Outgun a Student in Ancient China	2006	110	PG-13
513	LEATHERNECKS DWARFS	A Fateful Reflection of a Dog And a Mad Cow who must Outrace a Teacher in An Abandoned Mine Shaft	2006	153	PG-13
514	LEBOWSKI SOLDIERS	A Beautiful Epistle of a Secret Agent And a Pioneer who must Chase a Astronaut in Ancient China	2006	69	PG-13
515	LEGALLY SECRETARY	A Astounding Tale of a A Shark And a Moose who must Meet a Womanizer in The Sahara Desert	2006	113	PG
516	LEGEND JEDI	A Awe-Inspiring Epistle of a Pioneer And a Student who must Outgun a Crocodile in The Outback	2006	59	PG
517	LESSON CLEOPATRA	A Emotional Display of a Man And a Explorer who must Build a Boy in A Manhattan Penthouse	2006	167	NC-17
518	LIAISONS SWEET	A Boring Drama of a A Shark And a Explorer who must Redeem a Waitress in The Canadian Rockies	2006	140	PG
519	LIBERTY MAGNIFICENT	A Boring Drama of a Student And a Cat who must Sink a Technical Writer in A Baloon	2006	138	G
520	LICENSE WEEKEND	A Insightful Story of a Man And a Husband who must Overcome a Madman in A Monastery	2006	91	NC-17
521	LIES TREATMENT	A Fast-Paced Character Study of a Dentist And a Moose who must Defeat a Composer in The First Manned Space Station	2006	147	NC-17
522	LIFE TWISTED	A Thrilling Reflection of a Teacher And a Composer who must Find a Man in The First Manned Space Station	2006	137	NC-17
523	LIGHTS DEER	A Unbelieveable Epistle of a Dog And a Woman who must Confront a Moose in The Gulf of Mexico	2006	174	R
524	LION UNCUT	A Intrepid Display of a Pastry Chef And a Cat who must Kill a A Shark in Ancient China	2006	50	PG
525	LOATHING LEGALLY	A Boring Epistle of a Pioneer And a Mad Scientist who must Escape a Frisbee in The Gulf of Mexico	2006	140	R
526	LOCK REAR	A Thoughtful Character Study of a Squirrel And a Technical Writer who must Outrace a Student in Ancient Japan	2006	120	R
527	LOLA AGENT	A Astounding Tale of a Mad Scientist And a Husband who must Redeem a Database Administrator in Ancient Japan	2006	85	PG
528	LOLITA WORLD	A Thrilling Drama of a Girl And a Robot who must Redeem a Waitress in An Abandoned Mine Shaft	2006	155	NC-17
529	LONELY ELEPHANT	A Intrepid Story of a Student And a Dog who must Challenge a Explorer in Soviet Georgia	2006	67	G
530	LORD ARIZONA	A Action-Packed Display of a Frisbee And a Pastry Chef who must Pursue a Crocodile in A Jet Boat	2006	108	PG-13
531	LOSE INCH	A Stunning Reflection of a Student And a Technical Writer who must Battle a Butler in The First Manned Space Station	2006	137	R
532	LOSER HUSTLER	A Stunning Drama of a Robot And a Feminist who must Outgun a Butler in Nigeria	2006	80	PG
533	LOST BIRD	A Emotional Character Study of a Robot And a A Shark who must Defeat a Technical Writer in A Manhattan Penthouse	2006	98	PG-13
534	LOUISIANA HARRY	A Lacklusture Drama of a Girl And a Technical Writer who must Redeem a Monkey in A Shark Tank	2006	70	PG-13
535	LOVE SUICIDES	A Brilliant Panorama of a Hunter And a Explorer who must Pursue a Dentist in An Abandoned Fun House	2006	181	R
536	LOVELY JINGLE	A Fanciful Yarn of a Crocodile And a Forensic Psychologist who must Discover a Crocodile in The Outback	2006	65	PG
537	LOVER TRUMAN	A Emotional Yarn of a Robot And a Boy who must Outgun a Technical Writer in A U-Boat	2006	75	G
538	LOVERBOY ATTACKS	A Boring Story of a Car And a Butler who must Build a Girl in Soviet Georgia	2006	162	PG-13
539	LUCK OPUS	A Boring Display of a Moose And a Squirrel who must Outrace a Teacher in A Shark Tank	2006	152	NC-17
540	LUCKY FLYING	A Lacklusture Character Study of a A Shark And a Man who must Find a Forensic Psychologist in A U-Boat	2006	97	PG-13
541	LUKE MUMMY	A Taut Character Study of a Boy And a Robot who must Redeem a Mad Scientist in Ancient India	2006	74	NC-17
542	LUST LOCK	A Fanciful Panorama of a Hunter And a Dentist who must Meet a Secret Agent in The Sahara Desert	2006	52	G
543	MADIGAN DORADO	A Astounding Character Study of a A Shark And a A Shark who must Discover a Crocodile in The Outback	2006	116	R
544	MADISON TRAP	A Awe-Inspiring Reflection of a Monkey And a Dentist who must Overcome a Pioneer in A U-Boat	2006	147	R
545	MADNESS ATTACKS	A Fanciful Tale of a Squirrel And a Boat who must Defeat a Crocodile in The Gulf of Mexico	2006	178	PG-13
546	MADRE GABLES	A Intrepid Panorama of a Sumo Wrestler And a Forensic Psychologist who must Discover a Moose in The First Manned Space Station	2006	98	PG-13
547	MAGIC MALLRATS	A Touching Documentary of a Pastry Chef And a Pastry Chef who must Build a Mad Scientist in California	2006	117	PG
548	MAGNIFICENT CHITTY	A Insightful Story of a Teacher And a Hunter who must Face a Mad Cow in California	2006	53	R
549	MAGNOLIA FORRESTER	A Thoughtful Documentary of a Composer And a Explorer who must Conquer a Dentist in New Orleans	2006	171	PG-13
550	MAGUIRE APACHE	A Fast-Paced Reflection of a Waitress And a Hunter who must Defeat a Forensic Psychologist in A Baloon	2006	74	NC-17
551	MAIDEN HOME	A Lacklusture Saga of a Moose And a Teacher who must Kill a Forensic Psychologist in A MySQL Convention	2006	138	PG
552	MAJESTIC FLOATS	A Thrilling Character Study of a Moose And a Student who must Escape a Butler in The First Manned Space Station	2006	130	PG
553	MAKER GABLES	A Stunning Display of a Moose And a Database Administrator who must Pursue a Composer in A Jet Boat	2006	136	PG-13
554	MALKOVICH PET	A Intrepid Reflection of a Waitress And a A Shark who must Kill a Squirrel in The Outback	2006	159	G
555	MALLRATS UNITED	A Thrilling Yarn of a Waitress And a Dentist who must Find a Hunter in A Monastery	2006	133	PG
556	MALTESE HOPE	A Fast-Paced Documentary of a Crocodile And a Sumo Wrestler who must Conquer a Explorer in California	2006	127	PG-13
557	MANCHURIAN CURTAIN	A Stunning Tale of a Mad Cow And a Boy who must Battle a Boy in Berlin	2006	177	PG
558	MANNEQUIN WORST	A Astounding Saga of a Mad Cow And a Pastry Chef who must Discover a Husband in Ancient India	2006	71	PG-13
559	MARRIED GO	A Fanciful Story of a Womanizer And a Dog who must Face a Forensic Psychologist in The Sahara Desert	2006	114	G
560	MARS ROMAN	A Boring Drama of a Car And a Dog who must Succumb a Madman in Soviet Georgia	2006	62	NC-17
561	MASK PEACH	A Boring Character Study of a Student And a Robot who must Meet a Woman in California	2006	123	NC-17
562	MASKED BUBBLE	A Fanciful Documentary of a Pioneer And a Boat who must Pursue a Pioneer in An Abandoned Mine Shaft	2006	151	PG-13
563	MASSACRE USUAL	A Fateful Reflection of a Waitress And a Crocodile who must Challenge a Forensic Psychologist in California	2006	165	R
564	MASSAGE IMAGE	A Fateful Drama of a Frisbee And a Crocodile who must Vanquish a Dog in The First Manned Space Station	2006	161	PG
565	MATRIX SNOWMAN	A Action-Packed Saga of a Womanizer And a Woman who must Overcome a Student in California	2006	56	PG-13
566	MAUDE MOD	A Beautiful Documentary of a Forensic Psychologist And a Cat who must Reach a Astronaut in Nigeria	2006	72	R
567	MEET CHOCOLATE	A Boring Documentary of a Dentist And a Butler who must Confront a Monkey in A MySQL Convention	2006	80	G
568	MEMENTO ZOOLANDER	A Touching Epistle of a Squirrel And a Explorer who must Redeem a Pastry Chef in The Sahara Desert	2006	77	NC-17
569	MENAGERIE RUSHMORE	A Unbelieveable Panorama of a Composer And a Butler who must Overcome a Database Administrator in The First Manned Space Station	2006	147	G
570	MERMAID INSECTS	A Lacklusture Drama of a Waitress And a Husband who must Fight a Husband in California	2006	104	NC-17
571	METAL ARMAGEDDON	A Thrilling Display of a Lumberjack And a Crocodile who must Meet a Monkey in A Baloon Factory	2006	161	PG-13
572	METROPOLIS COMA	A Emotional Saga of a Database Administrator And a Pastry Chef who must Confront a Teacher in A Baloon Factory	2006	64	PG-13
573	MICROCOSMOS PARADISE	A Touching Character Study of a Boat And a Student who must Sink a A Shark in Nigeria	2006	105	PG-13
574	MIDNIGHT WESTWARD	A Taut Reflection of a Husband And a A Shark who must Redeem a Pastry Chef in A Monastery	2006	86	G
575	MIDSUMMER GROUNDHOG	A Fateful Panorama of a Moose And a Dog who must Chase a Crocodile in Ancient Japan	2006	48	G
576	MIGHTY LUCK	A Astounding Epistle of a Mad Scientist And a Pioneer who must Escape a Database Administrator in A MySQL Convention	2006	122	PG
577	MILE MULAN	A Lacklusture Epistle of a Cat And a Husband who must Confront a Boy in A MySQL Convention	2006	64	PG
578	MILLION ACE	A Brilliant Documentary of a Womanizer And a Squirrel who must Find a Technical Writer in The Sahara Desert	2006	142	PG-13
579	MINDS TRUMAN	A Taut Yarn of a Mad Scientist And a Crocodile who must Outgun a Database Administrator in A Monastery	2006	149	PG-13
580	MINE TITANS	A Amazing Yarn of a Robot And a Womanizer who must Discover a Forensic Psychologist in Berlin	2006	166	PG-13
581	MINORITY KISS	A Insightful Display of a Lumberjack And a Sumo Wrestler who must Meet a Man in The Outback	2006	59	G
582	MIRACLE VIRTUAL	A Touching Epistle of a Butler And a Boy who must Find a Mad Scientist in The Sahara Desert	2006	162	PG-13
583	MISSION ZOOLANDER	A Intrepid Story of a Sumo Wrestler And a Teacher who must Meet a A Shark in An Abandoned Fun House	2006	164	PG-13
584	MIXED DOORS	A Taut Drama of a Womanizer And a Lumberjack who must Succumb a Pioneer in Ancient India	2006	180	PG-13
585	MOB DUFFEL	A Unbelieveable Documentary of a Frisbee And a Boat who must Meet a Boy in The Canadian Rockies	2006	105	G
586	MOCKINGBIRD HOLLYWOOD	A Thoughtful Panorama of a Man And a Car who must Sink a Composer in Berlin	2006	60	PG
587	MOD SECRETARY	A Boring Documentary of a Mad Cow And a Cat who must Build a Lumberjack in New Orleans	2006	77	NC-17
588	MODEL FISH	A Beautiful Panorama of a Boat And a Crocodile who must Outrace a Dog in Australia	2006	175	NC-17
589	MODERN DORADO	A Awe-Inspiring Story of a Butler And a Sumo Wrestler who must Redeem a Boy in New Orleans	2006	74	PG
590	MONEY HAROLD	A Touching Tale of a Explorer And a Boat who must Defeat a Robot in Australia	2006	135	PG
591	MONSOON CAUSE	A Astounding Tale of a Crocodile And a Car who must Outrace a Squirrel in A U-Boat	2006	182	PG
592	MONSTER SPARTACUS	A Fast-Paced Story of a Waitress And a Cat who must Fight a Girl in Australia	2006	107	PG
593	MONTEREY LABYRINTH	A Awe-Inspiring Drama of a Monkey And a Composer who must Escape a Feminist in A U-Boat	2006	158	G
594	MONTEZUMA COMMAND	A Thrilling Reflection of a Waitress And a Butler who must Battle a Butler in A Jet Boat	2006	126	NC-17
595	MOON BUNCH	A Beautiful Tale of a Astronaut And a Mad Cow who must Challenge a Cat in A Baloon Factory	2006	83	PG
596	MOONSHINE CABIN	A Thoughtful Display of a Astronaut And a Feminist who must Chase a Frisbee in A Jet Boat	2006	171	PG-13
597	MOONWALKER FOOL	A Epic Drama of a Feminist And a Pioneer who must Sink a Composer in New Orleans	2006	184	G
598	MOSQUITO ARMAGEDDON	A Thoughtful Character Study of a Waitress And a Feminist who must Build a Teacher in Ancient Japan	2006	57	G
599	MOTHER OLEANDER	A Boring Tale of a Husband And a Boy who must Fight a Squirrel in Ancient China	2006	103	R
600	MOTIONS DETAILS	A Awe-Inspiring Reflection of a Dog And a Student who must Kill a Car in An Abandoned Fun House	2006	166	PG
601	MOULIN WAKE	A Astounding Story of a Forensic Psychologist And a Cat who must Battle a Teacher in An Abandoned Mine Shaft	2006	79	PG-13
602	MOURNING PURPLE	A Lacklusture Display of a Waitress And a Lumberjack who must Chase a Pioneer in New Orleans	2006	146	PG
603	MOVIE SHAKESPEARE	A Insightful Display of a Database Administrator And a Student who must Build a Hunter in Berlin	2006	53	PG
604	MULAN MOON	A Emotional Saga of a Womanizer And a Pioneer who must Overcome a Dentist in A Baloon	2006	160	G
605	MULHOLLAND BEAST	A Awe-Inspiring Display of a Husband And a Squirrel who must Battle a Sumo Wrestler in A Jet Boat	2006	157	PG
606	MUMMY CREATURES	A Fateful Character Study of a Crocodile And a Monkey who must Meet a Dentist in Australia	2006	160	NC-17
607	MUPPET MILE	A Lacklusture Story of a Madman And a Teacher who must Kill a Frisbee in The Gulf of Mexico	2006	50	PG
608	MURDER ANTITRUST	A Brilliant Yarn of a Car And a Database Administrator who must Escape a Boy in A MySQL Convention	2006	166	PG
609	MUSCLE BRIGHT	A Stunning Panorama of a Sumo Wrestler And a Husband who must Redeem a Madman in Ancient India	2006	185	G
610	MUSIC BOONDOCK	A Thrilling Tale of a Butler And a Astronaut who must Battle a Explorer in The First Manned Space Station	2006	129	R
611	MUSKETEERS WAIT	A Touching Yarn of a Student And a Moose who must Fight a Mad Cow in Australia	2006	73	PG
612	MUSSOLINI SPOILERS	A Thrilling Display of a Boat And a Monkey who must Meet a Composer in Ancient China	2006	180	G
613	MYSTIC TRUMAN	A Epic Yarn of a Teacher And a Hunter who must Outgun a Explorer in Soviet Georgia	2006	92	NC-17
614	NAME DETECTIVE	A Touching Saga of a Sumo Wrestler And a Cat who must Pursue a Mad Scientist in Nigeria	2006	178	PG-13
615	NASH CHOCOLAT	A Epic Reflection of a Monkey And a Mad Cow who must Kill a Forensic Psychologist in An Abandoned Mine Shaft	2006	180	PG-13
616	NATIONAL STORY	A Taut Epistle of a Mad Scientist And a Girl who must Escape a Monkey in California	2006	92	NC-17
617	NATURAL STOCK	A Fast-Paced Story of a Sumo Wrestler And a Girl who must Defeat a Car in A Baloon Factory	2006	50	PG-13
618	NECKLACE OUTBREAK	A Astounding Epistle of a Database Administrator And a Mad Scientist who must Pursue a Cat in California	2006	132	PG
619	NEIGHBORS CHARADE	A Fanciful Reflection of a Crocodile And a Astronaut who must Outrace a Feminist in An Abandoned Amusement Park	2006	161	R
620	NEMO CAMPUS	A Lacklusture Reflection of a Monkey And a Squirrel who must Outrace a Womanizer in A Manhattan Penthouse	2006	131	NC-17
621	NETWORK PEAK	A Unbelieveable Reflection of a Butler And a Boat who must Outgun a Mad Scientist in California	2006	75	PG-13
622	NEWSIES STORY	A Action-Packed Character Study of a Dog And a Lumberjack who must Outrace a Moose in The Gulf of Mexico	2006	159	G
623	NEWTON LABYRINTH	A Intrepid Character Study of a Moose And a Waitress who must Find a A Shark in Ancient India	2006	75	PG
624	NIGHTMARE CHILL	A Brilliant Display of a Robot And a Butler who must Fight a Waitress in An Abandoned Mine Shaft	2006	149	PG
625	NONE SPIKING	A Boring Reflection of a Secret Agent And a Astronaut who must Face a Composer in A Manhattan Penthouse	2006	83	NC-17
626	NOON PAPI	A Unbelieveable Character Study of a Mad Scientist And a Astronaut who must Find a Pioneer in A Manhattan Penthouse	2006	57	G
627	NORTH TEQUILA	A Beautiful Character Study of a Mad Cow And a Robot who must Reach a Womanizer in New Orleans	2006	67	NC-17
628	NORTHWEST POLISH	A Boring Character Study of a Boy And a A Shark who must Outrace a Womanizer in The Outback	2006	172	PG
629	NOTORIOUS REUNION	A Amazing Epistle of a Woman And a Squirrel who must Fight a Hunter in A Baloon	2006	128	NC-17
630	NOTTING SPEAKEASY	A Thoughtful Display of a Butler And a Womanizer who must Find a Waitress in The Canadian Rockies	2006	48	PG-13
631	NOVOCAINE FLIGHT	A Fanciful Display of a Student And a Teacher who must Outgun a Crocodile in Nigeria	2006	64	G
632	NUTS TIES	A Thoughtful Drama of a Explorer And a Womanizer who must Meet a Teacher in California	2006	145	NC-17
633	OCTOBER SUBMARINE	A Taut Epistle of a Monkey And a Boy who must Confront a Husband in A Jet Boat	2006	54	PG-13
634	ODDS BOOGIE	A Thrilling Yarn of a Feminist And a Madman who must Battle a Hunter in Berlin	2006	48	NC-17
635	OKLAHOMA JUMANJI	A Thoughtful Drama of a Dentist And a Womanizer who must Meet a Husband in The Sahara Desert	2006	58	PG
636	OLEANDER CLUE	A Boring Story of a Teacher And a Monkey who must Succumb a Forensic Psychologist in A Jet Boat	2006	161	PG
637	OPEN AFRICAN	A Lacklusture Drama of a Secret Agent And a Explorer who must Discover a Car in A U-Boat	2006	131	PG
638	OPERATION OPERATION	A Intrepid Character Study of a Man And a Frisbee who must Overcome a Madman in Ancient China	2006	156	G
639	OPPOSITE NECKLACE	A Fateful Epistle of a Crocodile And a Moose who must Kill a Explorer in Nigeria	2006	92	PG
640	OPUS ICE	A Fast-Paced Drama of a Hunter And a Boy who must Discover a Feminist in The Sahara Desert	2006	102	R
641	ORANGE GRAPES	A Astounding Documentary of a Butler And a Womanizer who must Face a Dog in A U-Boat	2006	76	PG-13
642	ORDER BETRAYED	A Amazing Saga of a Dog And a A Shark who must Challenge a Cat in The Sahara Desert	2006	120	PG-13
643	ORIENT CLOSER	A Astounding Epistle of a Technical Writer And a Teacher who must Fight a Squirrel in The Sahara Desert	2006	118	R
644	OSCAR GOLD	A Insightful Tale of a Database Administrator And a Dog who must Face a Madman in Soviet Georgia	2006	115	PG
645	OTHERS SOUP	A Lacklusture Documentary of a Mad Cow And a Madman who must Sink a Moose in The Gulf of Mexico	2006	118	PG
646	OUTBREAK DIVINE	A Unbelieveable Yarn of a Database Administrator And a Woman who must Succumb a A Shark in A U-Boat	2006	169	NC-17
647	OUTFIELD MASSACRE	A Thoughtful Drama of a Husband And a Secret Agent who must Pursue a Database Administrator in Ancient India	2006	129	NC-17
648	OUTLAW HANKY	A Thoughtful Story of a Astronaut And a Composer who must Conquer a Dog in The Sahara Desert	2006	148	PG-13
649	OZ LIAISONS	A Epic Yarn of a Mad Scientist And a Cat who must Confront a Womanizer in A Baloon Factory	2006	85	R
650	PACIFIC AMISTAD	A Thrilling Yarn of a Dog And a Moose who must Kill a Pastry Chef in A Manhattan Penthouse	2006	144	G
651	PACKER MADIGAN	A Epic Display of a Sumo Wrestler And a Forensic Psychologist who must Build a Woman in An Abandoned Amusement Park	2006	84	PG-13
652	PAJAMA JAWBREAKER	A Emotional Drama of a Boy And a Technical Writer who must Redeem a Sumo Wrestler in California	2006	126	R
653	PANIC CLUB	A Fanciful Display of a Teacher And a Crocodile who must Succumb a Girl in A Baloon	2006	102	G
654	PANKY SUBMARINE	A Touching Documentary of a Dentist And a Sumo Wrestler who must Overcome a Boy in The Gulf of Mexico	2006	93	G
655	PANTHER REDS	A Brilliant Panorama of a Moose And a Man who must Reach a Teacher in The Gulf of Mexico	2006	109	NC-17
656	PAPI NECKLACE	A Fanciful Display of a Car And a Monkey who must Escape a Squirrel in Ancient Japan	2006	128	PG
657	PARADISE SABRINA	A Intrepid Yarn of a Car And a Moose who must Outrace a Crocodile in A Manhattan Penthouse	2006	48	PG-13
658	PARIS WEEKEND	A Intrepid Story of a Squirrel And a Crocodile who must Defeat a Monkey in The Outback	2006	121	PG-13
659	PARK CITIZEN	A Taut Epistle of a Sumo Wrestler And a Girl who must Face a Husband in Ancient Japan	2006	109	PG-13
660	PARTY KNOCK	A Fateful Display of a Technical Writer And a Butler who must Battle a Sumo Wrestler in An Abandoned Mine Shaft	2006	107	PG
661	PAST SUICIDES	A Intrepid Tale of a Madman And a Astronaut who must Challenge a Hunter in A Monastery	2006	157	PG-13
662	PATHS CONTROL	A Astounding Documentary of a Butler And a Cat who must Find a Frisbee in Ancient China	2006	118	PG
663	PATIENT SISTER	A Emotional Epistle of a Squirrel And a Robot who must Confront a Lumberjack in Soviet Georgia	2006	99	NC-17
664	PATRIOT ROMAN	A Taut Saga of a Robot And a Database Administrator who must Challenge a Astronaut in California	2006	65	PG
665	PATTON INTERVIEW	A Thrilling Documentary of a Composer And a Secret Agent who must Succumb a Cat in Berlin	2006	175	PG
666	PAYCHECK WAIT	A Awe-Inspiring Reflection of a Boy And a Man who must Discover a Moose in The Sahara Desert	2006	145	PG-13
667	PEACH INNOCENT	A Action-Packed Drama of a Monkey And a Dentist who must Chase a Butler in Berlin	2006	160	PG-13
668	PEAK FOREVER	A Insightful Reflection of a Boat And a Secret Agent who must Vanquish a Astronaut in An Abandoned Mine Shaft	2006	80	PG
669	PEARL DESTINY	A Lacklusture Yarn of a Astronaut And a Pastry Chef who must Sink a Dog in A U-Boat	2006	74	NC-17
670	PELICAN COMFORTS	A Epic Documentary of a Boy And a Monkey who must Pursue a Astronaut in Berlin	2006	48	PG
671	PERDITION FARGO	A Fast-Paced Story of a Car And a Cat who must Outgun a Hunter in Berlin	2006	99	NC-17
672	PERFECT GROOVE	A Thrilling Yarn of a Dog And a Dog who must Build a Husband in A Baloon	2006	82	PG-13
673	PERSONAL LADYBUGS	A Epic Saga of a Hunter And a Technical Writer who must Conquer a Cat in Ancient Japan	2006	118	PG-13
674	PET HAUNTING	A Unbelieveable Reflection of a Explorer And a Boat who must Conquer a Woman in California	2006	99	PG
675	PHANTOM GLORY	A Beautiful Documentary of a Astronaut And a Crocodile who must Discover a Madman in A Monastery	2006	60	NC-17
676	PHILADELPHIA WIFE	A Taut Yarn of a Hunter And a Astronaut who must Conquer a Database Administrator in The Sahara Desert	2006	137	PG-13
677	PIANIST OUTFIELD	A Intrepid Story of a Boy And a Technical Writer who must Pursue a Lumberjack in A Monastery	2006	136	NC-17
678	PICKUP DRIVING	A Touching Documentary of a Husband And a Boat who must Meet a Pastry Chef in A Baloon Factory	2006	77	G
679	PILOT HOOSIERS	A Awe-Inspiring Reflection of a Crocodile And a Sumo Wrestler who must Meet a Forensic Psychologist in An Abandoned Mine Shaft	2006	50	PG
680	PINOCCHIO SIMON	A Action-Packed Reflection of a Mad Scientist And a A Shark who must Find a Feminist in California	2006	103	PG
681	PIRATES ROXANNE	A Stunning Drama of a Woman And a Lumberjack who must Overcome a A Shark in The Canadian Rockies	2006	100	PG
682	PITTSBURGH HUNCHBACK	A Thrilling Epistle of a Boy And a Boat who must Find a Student in Soviet Georgia	2006	134	PG-13
683	PITY BOUND	A Boring Panorama of a Feminist And a Moose who must Defeat a Database Administrator in Nigeria	2006	60	NC-17
684	PIZZA JUMANJI	A Epic Saga of a Cat And a Squirrel who must Outgun a Robot in A U-Boat	2006	173	NC-17
685	PLATOON INSTINCT	A Thrilling Panorama of a Man And a Woman who must Reach a Woman in Australia	2006	132	PG-13
686	PLUTO OLEANDER	A Action-Packed Reflection of a Car And a Moose who must Outgun a Car in A Shark Tank	2006	84	R
687	POCUS PULP	A Intrepid Yarn of a Frisbee And a Dog who must Build a Astronaut in A Baloon Factory	2006	138	NC-17
688	POLISH BROOKLYN	A Boring Character Study of a Database Administrator And a Lumberjack who must Reach a Madman in The Outback	2006	61	PG
689	POLLOCK DELIVERANCE	A Intrepid Story of a Madman And a Frisbee who must Outgun a Boat in The Sahara Desert	2006	137	PG
690	POND SEATTLE	A Stunning Drama of a Teacher And a Boat who must Battle a Feminist in Ancient China	2006	185	PG-13
691	POSEIDON FOREVER	A Thoughtful Epistle of a Womanizer And a Monkey who must Vanquish a Dentist in A Monastery	2006	159	PG-13
692	POTLUCK MIXED	A Beautiful Story of a Dog And a Technical Writer who must Outgun a Student in A Baloon	2006	179	G
693	POTTER CONNECTICUT	A Thrilling Epistle of a Frisbee And a Cat who must Fight a Technical Writer in Berlin	2006	115	PG
694	PREJUDICE OLEANDER	A Epic Saga of a Boy And a Dentist who must Outrace a Madman in A U-Boat	2006	98	PG-13
695	PRESIDENT BANG	A Fateful Panorama of a Technical Writer And a Moose who must Battle a Robot in Soviet Georgia	2006	144	PG
696	PRIDE ALAMO	A Thoughtful Drama of a A Shark And a Forensic Psychologist who must Vanquish a Student in Ancient India	2006	114	NC-17
697	PRIMARY GLASS	A Fateful Documentary of a Pastry Chef And a Butler who must Build a Dog in The Canadian Rockies	2006	53	G
698	PRINCESS GIANT	A Thrilling Yarn of a Pastry Chef And a Monkey who must Battle a Monkey in A Shark Tank	2006	71	NC-17
699	PRIVATE DROP	A Stunning Story of a Technical Writer And a Hunter who must Succumb a Secret Agent in A Baloon	2006	106	PG
700	PRIX UNDEFEATED	A Stunning Saga of a Mad Scientist And a Boat who must Overcome a Dentist in Ancient China	2006	115	R
701	PSYCHO SHRUNK	A Amazing Panorama of a Crocodile And a Explorer who must Fight a Husband in Nigeria	2006	155	PG-13
702	PULP BEVERLY	A Unbelieveable Display of a Dog And a Crocodile who must Outrace a Man in Nigeria	2006	89	G
703	PUNK DIVORCE	A Fast-Paced Tale of a Pastry Chef And a Boat who must Face a Frisbee in The Canadian Rockies	2006	100	PG
704	PURE RUNNER	A Thoughtful Documentary of a Student And a Madman who must Challenge a Squirrel in A Manhattan Penthouse	2006	121	NC-17
705	PURPLE MOVIE	A Boring Display of a Pastry Chef And a Sumo Wrestler who must Discover a Frisbee in An Abandoned Amusement Park	2006	88	R
706	QUEEN LUKE	A Astounding Story of a Girl And a Boy who must Challenge a Composer in New Orleans	2006	163	PG
707	QUEST MUSSOLINI	A Fateful Drama of a Husband And a Sumo Wrestler who must Battle a Pastry Chef in A Baloon Factory	2006	177	R
708	QUILLS BULL	A Thoughtful Story of a Pioneer And a Woman who must Reach a Moose in Australia	2006	112	R
709	RACER EGG	A Emotional Display of a Monkey And a Waitress who must Reach a Secret Agent in California	2006	147	NC-17
710	RAGE GAMES	A Fast-Paced Saga of a Astronaut And a Secret Agent who must Escape a Hunter in An Abandoned Amusement Park	2006	120	R
711	RAGING AIRPLANE	A Astounding Display of a Secret Agent And a Technical Writer who must Escape a Mad Scientist in A Jet Boat	2006	154	R
712	RAIDERS ANTITRUST	A Amazing Drama of a Teacher And a Feminist who must Meet a Woman in The First Manned Space Station	2006	82	PG-13
713	RAINBOW SHOCK	A Action-Packed Story of a Hunter And a Boy who must Discover a Lumberjack in Ancient India	2006	74	PG
714	RANDOM GO	A Fateful Drama of a Frisbee And a Student who must Confront a Cat in A Shark Tank	2006	73	NC-17
715	RANGE MOONWALKER	A Insightful Documentary of a Hunter And a Dentist who must Confront a Crocodile in A Baloon	2006	147	PG
716	REAP UNFAITHFUL	A Thrilling Epistle of a Composer And a Sumo Wrestler who must Challenge a Mad Cow in A MySQL Convention	2006	136	PG-13
717	REAR TRADING	A Awe-Inspiring Reflection of a Forensic Psychologist And a Secret Agent who must Succumb a Pastry Chef in Soviet Georgia	2006	97	NC-17
718	REBEL AIRPORT	A Intrepid Yarn of a Database Administrator And a Boat who must Outrace a Husband in Ancient India	2006	73	G
719	RECORDS ZORRO	A Amazing Drama of a Mad Scientist And a Composer who must Build a Husband in The Outback	2006	182	PG
720	REDEMPTION COMFORTS	A Emotional Documentary of a Dentist And a Woman who must Battle a Mad Scientist in Ancient China	2006	179	NC-17
721	REDS POCUS	A Lacklusture Yarn of a Sumo Wrestler And a Squirrel who must Redeem a Monkey in Soviet Georgia	2006	182	PG-13
722	REEF SALUTE	A Action-Packed Saga of a Teacher And a Lumberjack who must Battle a Dentist in A Baloon	2006	123	NC-17
723	REIGN GENTLEMEN	A Emotional Yarn of a Composer And a Man who must Escape a Butler in The Gulf of Mexico	2006	82	PG-13
724	REMEMBER DIARY	A Insightful Tale of a Technical Writer And a Waitress who must Conquer a Monkey in Ancient India	2006	110	R
725	REQUIEM TYCOON	A Unbelieveable Character Study of a Cat And a Database Administrator who must Pursue a Teacher in A Monastery	2006	167	R
726	RESERVOIR ADAPTATION	A Intrepid Drama of a Teacher And a Moose who must Kill a Car in California	2006	61	PG-13
727	RESURRECTION SILVERADO	A Epic Yarn of a Robot And a Explorer who must Challenge a Girl in A MySQL Convention	2006	117	PG
728	REUNION WITCHES	A Unbelieveable Documentary of a Database Administrator And a Frisbee who must Redeem a Mad Scientist in A Baloon Factory	2006	63	R
729	RIDER CADDYSHACK	A Taut Reflection of a Monkey And a Womanizer who must Chase a Moose in Nigeria	2006	177	PG
730	RIDGEMONT SUBMARINE	A Unbelieveable Drama of a Waitress And a Composer who must Sink a Mad Cow in Ancient Japan	2006	46	PG-13
731	RIGHT CRANES	A Fateful Character Study of a Boat And a Cat who must Find a Database Administrator in A Jet Boat	2006	153	PG-13
732	RINGS HEARTBREAKERS	A Amazing Yarn of a Sumo Wrestler And a Boat who must Conquer a Waitress in New Orleans	2006	58	G
733	RIVER OUTLAW	A Thrilling Character Study of a Squirrel And a Lumberjack who must Face a Hunter in A MySQL Convention	2006	149	PG-13
734	ROAD ROXANNE	A Boring Character Study of a Waitress And a Astronaut who must Fight a Crocodile in Ancient Japan	2006	158	R
735	ROBBERS JOON	A Thoughtful Story of a Mad Scientist And a Waitress who must Confront a Forensic Psychologist in Soviet Georgia	2006	102	PG-13
736	ROBBERY BRIGHT	A Taut Reflection of a Robot And a Squirrel who must Fight a Boat in Ancient Japan	2006	134	R
737	ROCK INSTINCT	A Astounding Character Study of a Robot And a Moose who must Overcome a Astronaut in Ancient India	2006	102	G
738	ROCKETEER MOTHER	A Awe-Inspiring Character Study of a Robot And a Sumo Wrestler who must Discover a Womanizer in A Shark Tank	2006	178	PG-13
739	ROCKY WAR	A Fast-Paced Display of a Squirrel And a Explorer who must Outgun a Mad Scientist in Nigeria	2006	145	PG-13
740	ROLLERCOASTER BRINGING	A Beautiful Drama of a Robot And a Lumberjack who must Discover a Technical Writer in A Shark Tank	2006	153	PG-13
741	ROMAN PUNK	A Thoughtful Panorama of a Mad Cow And a Student who must Battle a Forensic Psychologist in Berlin	2006	81	NC-17
742	ROOF CHAMPION	A Lacklusture Reflection of a Car And a Explorer who must Find a Monkey in A Baloon	2006	101	R
743	ROOM ROMAN	A Awe-Inspiring Panorama of a Composer And a Secret Agent who must Sink a Composer in A Shark Tank	2006	60	PG
744	ROOTS REMEMBER	A Brilliant Drama of a Mad Cow And a Hunter who must Escape a Hunter in Berlin	2006	89	PG-13
745	ROSES TREASURE	A Astounding Panorama of a Monkey And a Secret Agent who must Defeat a Woman in The First Manned Space Station	2006	162	PG-13
746	ROUGE SQUAD	A Awe-Inspiring Drama of a Astronaut And a Frisbee who must Conquer a Mad Scientist in Australia	2006	118	NC-17
747	ROXANNE REBEL	A Astounding Story of a Pastry Chef And a Database Administrator who must Fight a Man in The Outback	2006	171	R
748	RUGRATS SHAKESPEARE	A Touching Saga of a Crocodile And a Crocodile who must Discover a Technical Writer in Nigeria	2006	109	PG-13
749	RULES HUMAN	A Beautiful Epistle of a Astronaut And a Student who must Confront a Monkey in An Abandoned Fun House	2006	153	R
750	RUN PACIFIC	A Touching Tale of a Cat And a Pastry Chef who must Conquer a Pastry Chef in A MySQL Convention	2006	145	R
751	RUNAWAY TENENBAUMS	A Thoughtful Documentary of a Boat And a Man who must Meet a Boat in An Abandoned Fun House	2006	181	NC-17
752	RUNNER MADIGAN	A Thoughtful Documentary of a Crocodile And a Robot who must Outrace a Womanizer in The Outback	2006	101	NC-17
753	RUSH GOODFELLAS	A Emotional Display of a Man And a Dentist who must Challenge a Squirrel in Australia	2006	48	PG
754	RUSHMORE MERMAID	A Boring Story of a Woman And a Moose who must Reach a Husband in A Shark Tank	2006	150	PG-13
755	SABRINA MIDNIGHT	A Emotional Story of a Squirrel And a Crocodile who must Succumb a Husband in The Sahara Desert	2006	99	PG
756	SADDLE ANTITRUST	A Stunning Epistle of a Feminist And a A Shark who must Battle a Woman in An Abandoned Fun House	2006	80	PG-13
757	SAGEBRUSH CLUELESS	A Insightful Story of a Lumberjack And a Hunter who must Kill a Boy in Ancient Japan	2006	106	G
758	SAINTS BRIDE	A Fateful Tale of a Technical Writer And a Composer who must Pursue a Explorer in The Gulf of Mexico	2006	125	G
759	SALUTE APOLLO	A Awe-Inspiring Character Study of a Boy And a Feminist who must Sink a Crocodile in Ancient China	2006	73	R
760	SAMURAI LION	A Fast-Paced Story of a Pioneer And a Astronaut who must Reach a Boat in A Baloon	2006	110	G
761	SANTA PARIS	A Emotional Documentary of a Moose And a Car who must Redeem a Mad Cow in A Baloon Factory	2006	154	PG
762	SASSY PACKER	A Fast-Paced Documentary of a Dog And a Teacher who must Find a Moose in A Manhattan Penthouse	2006	154	G
763	SATISFACTION CONFIDENTIAL	A Lacklusture Yarn of a Dentist And a Butler who must Meet a Secret Agent in Ancient China	2006	75	G
764	SATURDAY LAMBS	A Thoughtful Reflection of a Mad Scientist And a Moose who must Kill a Husband in A Baloon	2006	150	G
765	SATURN NAME	A Fateful Epistle of a Butler And a Boy who must Redeem a Teacher in Berlin	2006	182	R
766	SAVANNAH TOWN	A Awe-Inspiring Tale of a Astronaut And a Database Administrator who must Chase a Secret Agent in The Gulf of Mexico	2006	84	PG-13
767	SCALAWAG DUCK	A Fateful Reflection of a Car And a Teacher who must Confront a Waitress in A Monastery	2006	183	NC-17
768	SCARFACE BANG	A Emotional Yarn of a Teacher And a Girl who must Find a Teacher in A Baloon Factory	2006	102	PG-13
769	SCHOOL JACKET	A Intrepid Yarn of a Monkey And a Boy who must Fight a Composer in A Manhattan Penthouse	2006	151	PG-13
770	SCISSORHANDS SLUMS	A Awe-Inspiring Drama of a Girl And a Technical Writer who must Meet a Feminist in The Canadian Rockies	2006	147	G
771	SCORPION APOLLO	A Awe-Inspiring Documentary of a Technical Writer And a Husband who must Meet a Monkey in An Abandoned Fun House	2006	137	NC-17
772	SEA VIRGIN	A Fast-Paced Documentary of a Technical Writer And a Pastry Chef who must Escape a Moose in A U-Boat	2006	80	PG
773	SEABISCUIT PUNK	A Insightful Saga of a Man And a Forensic Psychologist who must Discover a Mad Cow in A MySQL Convention	2006	112	NC-17
774	SEARCHERS WAIT	A Fast-Paced Tale of a Car And a Mad Scientist who must Kill a Womanizer in Ancient Japan	2006	182	NC-17
775	SEATTLE EXPECATIONS	A Insightful Reflection of a Crocodile And a Sumo Wrestler who must Meet a Technical Writer in The Sahara Desert	2006	110	PG-13
776	SECRET GROUNDHOG	A Astounding Story of a Cat And a Database Administrator who must Build a Technical Writer in New Orleans	2006	90	PG
777	SECRETARY ROUGE	A Action-Packed Panorama of a Mad Cow And a Composer who must Discover a Robot in A Baloon Factory	2006	158	PG
778	SECRETS PARADISE	A Fateful Saga of a Cat And a Frisbee who must Kill a Girl in A Manhattan Penthouse	2006	109	G
779	SENSE GREEK	A Taut Saga of a Lumberjack And a Pastry Chef who must Escape a Sumo Wrestler in An Abandoned Fun House	2006	54	R
780	SENSIBILITY REAR	A Emotional Tale of a Robot And a Sumo Wrestler who must Redeem a Pastry Chef in A Baloon Factory	2006	98	PG
781	SEVEN SWARM	A Unbelieveable Character Study of a Dog And a Mad Cow who must Kill a Monkey in Berlin	2006	127	R
782	SHAKESPEARE SADDLE	A Fast-Paced Panorama of a Lumberjack And a Database Administrator who must Defeat a Madman in A MySQL Convention	2006	60	PG-13
783	SHANE DARKNESS	A Action-Packed Saga of a Moose And a Lumberjack who must Find a Woman in Berlin	2006	93	PG
784	SHANGHAI TYCOON	A Fast-Paced Character Study of a Crocodile And a Lumberjack who must Build a Husband in An Abandoned Fun House	2006	47	PG
785	SHAWSHANK BUBBLE	A Lacklusture Story of a Moose And a Monkey who must Confront a Butler in An Abandoned Amusement Park	2006	80	PG
786	SHEPHERD MIDSUMMER	A Thoughtful Drama of a Robot And a Womanizer who must Kill a Lumberjack in A Baloon	2006	113	R
787	SHINING ROSES	A Awe-Inspiring Character Study of a Astronaut And a Forensic Psychologist who must Challenge a Madman in Ancient India	2006	125	G
788	SHIP WONDERLAND	A Thrilling Saga of a Monkey And a Frisbee who must Escape a Explorer in The Outback	2006	104	R
789	SHOCK CABIN	A Fateful Tale of a Mad Cow And a Crocodile who must Meet a Husband in New Orleans	2006	79	PG-13
790	SHOOTIST SUPERFLY	A Fast-Paced Story of a Crocodile And a A Shark who must Sink a Pioneer in Berlin	2006	67	PG-13
791	SHOW LORD	A Fanciful Saga of a Student And a Girl who must Find a Butler in Ancient Japan	2006	167	PG-13
792	SHREK LICENSE	A Fateful Yarn of a Secret Agent And a Feminist who must Find a Feminist in A Jet Boat	2006	154	PG-13
793	SHRUNK DIVINE	A Fateful Character Study of a Waitress And a Technical Writer who must Battle a Hunter in A Baloon	2006	139	R
794	SIDE ARK	A Stunning Panorama of a Crocodile And a Womanizer who must Meet a Feminist in The Canadian Rockies	2006	52	G
795	SIEGE MADRE	A Boring Tale of a Frisbee And a Crocodile who must Vanquish a Moose in An Abandoned Mine Shaft	2006	111	R
796	SIERRA DIVIDE	A Emotional Character Study of a Frisbee And a Mad Scientist who must Build a Madman in California	2006	135	NC-17
797	SILENCE KANE	A Emotional Drama of a Sumo Wrestler And a Dentist who must Confront a Sumo Wrestler in A Baloon	2006	67	R
798	SILVERADO GOLDFINGER	A Stunning Epistle of a Sumo Wrestler And a Man who must Challenge a Waitress in Ancient India	2006	74	PG
799	SIMON NORTH	A Thrilling Documentary of a Technical Writer And a A Shark who must Face a Pioneer in A Shark Tank	2006	51	NC-17
800	SINNERS ATLANTIS	A Epic Display of a Dog And a Boat who must Succumb a Mad Scientist in An Abandoned Mine Shaft	2006	126	PG-13
801	SISTER FREDDY	A Stunning Saga of a Butler And a Woman who must Pursue a Explorer in Australia	2006	152	PG-13
802	SKY MIRACLE	A Epic Drama of a Mad Scientist And a Explorer who must Succumb a Waitress in An Abandoned Fun House	2006	132	PG
803	SLACKER LIAISONS	A Fast-Paced Tale of a A Shark And a Student who must Meet a Crocodile in Ancient China	2006	179	R
804	SLEEPING SUSPECTS	A Stunning Reflection of a Sumo Wrestler And a Explorer who must Sink a Frisbee in A MySQL Convention	2006	129	PG-13
805	SLEEPLESS MONSOON	A Amazing Saga of a Moose And a Pastry Chef who must Escape a Butler in Australia	2006	64	G
806	SLEEPY JAPANESE	A Emotional Epistle of a Moose And a Composer who must Fight a Technical Writer in The Outback	2006	137	PG
807	SLEUTH ORIENT	A Fateful Character Study of a Husband And a Dog who must Find a Feminist in Ancient India	2006	87	NC-17
808	SLING LUKE	A Intrepid Character Study of a Robot And a Monkey who must Reach a Secret Agent in An Abandoned Amusement Park	2006	84	R
809	SLIPPER FIDELITY	A Taut Reflection of a Secret Agent And a Man who must Redeem a Explorer in A MySQL Convention	2006	156	PG-13
810	SLUMS DUCK	A Amazing Character Study of a Teacher And a Database Administrator who must Defeat a Waitress in A Jet Boat	2006	147	PG
811	SMILE EARRING	A Intrepid Drama of a Teacher And a Butler who must Build a Pastry Chef in Berlin	2006	60	G
812	SMOKING BARBARELLA	A Lacklusture Saga of a Mad Cow And a Mad Scientist who must Sink a Cat in A MySQL Convention	2006	50	PG-13
813	SMOOCHY CONTROL	A Thrilling Documentary of a Husband And a Feminist who must Face a Mad Scientist in Ancient China	2006	184	R
814	SNATCH SLIPPER	A Insightful Panorama of a Woman And a Feminist who must Defeat a Forensic Psychologist in Berlin	2006	110	PG
815	SNATCHERS MONTEZUMA	A Boring Epistle of a Sumo Wrestler And a Woman who must Escape a Man in The Canadian Rockies	2006	74	PG-13
816	SNOWMAN ROLLERCOASTER	A Fateful Display of a Lumberjack And a Girl who must Succumb a Mad Cow in A Manhattan Penthouse	2006	62	G
817	SOLDIERS EVOLUTION	A Lacklusture Panorama of a A Shark And a Pioneer who must Confront a Student in The First Manned Space Station	2006	185	R
818	SOMETHING DUCK	A Boring Character Study of a Car And a Husband who must Outgun a Frisbee in The First Manned Space Station	2006	180	NC-17
819	SONG HEDWIG	A Amazing Documentary of a Man And a Husband who must Confront a Squirrel in A MySQL Convention	2006	165	PG-13
820	SONS INTERVIEW	A Taut Character Study of a Explorer And a Mad Cow who must Battle a Hunter in Ancient China	2006	184	NC-17
821	SORORITY QUEEN	A Fast-Paced Display of a Squirrel And a Composer who must Fight a Forensic Psychologist in A Jet Boat	2006	184	NC-17
822	SOUP WISDOM	A Fast-Paced Display of a Robot And a Butler who must Defeat a Butler in A MySQL Convention	2006	169	R
823	SOUTH WAIT	A Amazing Documentary of a Car And a Robot who must Escape a Lumberjack in An Abandoned Amusement Park	2006	143	R
824	SPARTACUS CHEAPER	A Thrilling Panorama of a Pastry Chef And a Secret Agent who must Overcome a Student in A Manhattan Penthouse	2006	52	NC-17
825	SPEAKEASY DATE	A Lacklusture Drama of a Forensic Psychologist And a Car who must Redeem a Man in A Manhattan Penthouse	2006	165	PG-13
826	SPEED SUIT	A Brilliant Display of a Frisbee And a Mad Scientist who must Succumb a Robot in Ancient China	2006	124	PG-13
827	SPICE SORORITY	A Fateful Display of a Pioneer And a Hunter who must Defeat a Husband in An Abandoned Mine Shaft	2006	141	NC-17
828	SPIKING ELEMENT	A Lacklusture Epistle of a Dentist And a Technical Writer who must Find a Dog in A Monastery	2006	79	G
829	SPINAL ROCKY	A Lacklusture Epistle of a Sumo Wrestler And a Squirrel who must Defeat a Explorer in California	2006	138	PG-13
830	SPIRIT FLINTSTONES	A Brilliant Yarn of a Cat And a Car who must Confront a Explorer in Ancient Japan	2006	149	R
831	SPIRITED CASUALTIES	A Taut Story of a Waitress And a Man who must Face a Car in A Baloon Factory	2006	138	PG-13
832	SPLASH GUMP	A Taut Saga of a Crocodile And a Boat who must Conquer a Hunter in A Shark Tank	2006	175	PG
833	SPLENDOR PATTON	A Taut Story of a Dog And a Explorer who must Find a Astronaut in Berlin	2006	134	R
834	SPOILERS HELLFIGHTERS	A Fanciful Story of a Technical Writer And a Squirrel who must Defeat a Dog in The Gulf of Mexico	2006	151	G
835	SPY MILE	A Thrilling Documentary of a Feminist And a Feminist who must Confront a Feminist in A Baloon	2006	112	PG-13
836	SQUAD FISH	A Fast-Paced Display of a Pastry Chef And a Dog who must Kill a Teacher in Berlin	2006	136	PG
837	STAGE WORLD	A Lacklusture Panorama of a Woman And a Frisbee who must Chase a Crocodile in A Jet Boat	2006	85	PG
838	STAGECOACH ARMAGEDDON	A Touching Display of a Pioneer And a Butler who must Chase a Car in California	2006	112	R
839	STALLION SUNDANCE	A Fast-Paced Tale of a Car And a Dog who must Outgun a A Shark in Australia	2006	130	PG-13
840	STAMPEDE DISTURBING	A Unbelieveable Tale of a Woman And a Lumberjack who must Fight a Frisbee in A U-Boat	2006	75	R
841	STAR OPERATION	A Insightful Character Study of a Girl And a Car who must Pursue a Mad Cow in A Shark Tank	2006	181	PG
842	STATE WASTELAND	A Beautiful Display of a Cat And a Pastry Chef who must Outrace a Mad Cow in A Jet Boat	2006	113	NC-17
843	STEEL SANTA	A Fast-Paced Yarn of a Composer And a Frisbee who must Face a Moose in Nigeria	2006	143	NC-17
844	STEERS ARMAGEDDON	A Stunning Character Study of a Car And a Girl who must Succumb a Car in A MySQL Convention	2006	140	PG
845	STEPMOM DREAM	A Touching Epistle of a Crocodile And a Teacher who must Build a Forensic Psychologist in A MySQL Convention	2006	48	NC-17
846	STING PERSONAL	A Fanciful Drama of a Frisbee And a Dog who must Fight a Madman in A Jet Boat	2006	93	NC-17
847	STOCK GLASS	A Boring Epistle of a Crocodile And a Lumberjack who must Outgun a Moose in Ancient China	2006	160	PG
848	STONE FIRE	A Intrepid Drama of a Astronaut And a Crocodile who must Find a Boat in Soviet Georgia	2006	94	G
849	STORM HAPPINESS	A Insightful Drama of a Feminist And a A Shark who must Vanquish a Boat in A Shark Tank	2006	57	NC-17
850	STORY SIDE	A Lacklusture Saga of a Boy And a Cat who must Sink a Dentist in An Abandoned Mine Shaft	2006	163	R
851	STRAIGHT HOURS	A Boring Panorama of a Secret Agent And a Girl who must Sink a Waitress in The Outback	2006	151	R
852	STRANGELOVE DESIRE	A Awe-Inspiring Panorama of a Lumberjack And a Waitress who must Defeat a Crocodile in An Abandoned Amusement Park	2006	103	NC-17
853	STRANGER STRANGERS	A Awe-Inspiring Yarn of a Womanizer And a Explorer who must Fight a Woman in The First Manned Space Station	2006	139	G
854	STRANGERS GRAFFITI	A Brilliant Character Study of a Secret Agent And a Man who must Find a Cat in The Gulf of Mexico	2006	119	R
855	STREAK RIDGEMONT	A Astounding Character Study of a Hunter And a Waitress who must Sink a Man in New Orleans	2006	132	PG-13
856	STREETCAR INTENTIONS	A Insightful Character Study of a Waitress And a Crocodile who must Sink a Waitress in The Gulf of Mexico	2006	73	R
857	STRICTLY SCARFACE	A Touching Reflection of a Crocodile And a Dog who must Chase a Hunter in An Abandoned Fun House	2006	144	PG-13
858	SUBMARINE BED	A Amazing Display of a Car And a Monkey who must Fight a Teacher in Soviet Georgia	2006	127	R
859	SUGAR WONKA	A Touching Story of a Dentist And a Database Administrator who must Conquer a Astronaut in An Abandoned Amusement Park	2006	114	PG
860	SUICIDES SILENCE	A Emotional Character Study of a Car And a Girl who must Face a Composer in A U-Boat	2006	93	G
861	SUIT WALLS	A Touching Panorama of a Lumberjack And a Frisbee who must Build a Dog in Australia	2006	111	R
862	SUMMER SCARFACE	A Emotional Panorama of a Lumberjack And a Hunter who must Meet a Girl in A Shark Tank	2006	53	G
863	SUN CONFESSIONS	A Beautiful Display of a Mad Cow And a Dog who must Redeem a Waitress in An Abandoned Amusement Park	2006	141	R
864	SUNDANCE INVASION	A Epic Drama of a Lumberjack And a Explorer who must Confront a Hunter in A Baloon Factory	2006	92	NC-17
865	SUNRISE LEAGUE	A Beautiful Epistle of a Madman And a Butler who must Face a Crocodile in A Manhattan Penthouse	2006	135	PG-13
866	SUNSET RACER	A Awe-Inspiring Reflection of a Astronaut And a A Shark who must Defeat a Forensic Psychologist in California	2006	48	NC-17
867	SUPER WYOMING	A Action-Packed Saga of a Pastry Chef And a Explorer who must Discover a A Shark in The Outback	2006	58	PG
868	SUPERFLY TRIP	A Beautiful Saga of a Lumberjack And a Teacher who must Build a Technical Writer in An Abandoned Fun House	2006	114	PG
869	SUSPECTS QUILLS	A Emotional Epistle of a Pioneer And a Crocodile who must Battle a Man in A Manhattan Penthouse	2006	47	PG
870	SWARM GOLD	A Insightful Panorama of a Crocodile And a Boat who must Conquer a Sumo Wrestler in A MySQL Convention	2006	123	PG-13
871	SWEDEN SHINING	A Taut Documentary of a Car And a Robot who must Conquer a Boy in The Canadian Rockies	2006	176	PG
872	SWEET BROTHERHOOD	A Unbelieveable Epistle of a Sumo Wrestler And a Hunter who must Chase a Forensic Psychologist in A Baloon	2006	185	R
873	SWEETHEARTS SUSPECTS	A Brilliant Character Study of a Frisbee And a Sumo Wrestler who must Confront a Woman in The Gulf of Mexico	2006	108	G
874	TADPOLE PARK	A Beautiful Tale of a Frisbee And a Moose who must Vanquish a Dog in An Abandoned Amusement Park	2006	155	PG
875	TALENTED HOMICIDE	A Lacklusture Panorama of a Dentist And a Forensic Psychologist who must Outrace a Pioneer in A U-Boat	2006	173	PG
876	TARZAN VIDEOTAPE	A Fast-Paced Display of a Lumberjack And a Mad Scientist who must Succumb a Sumo Wrestler in The Sahara Desert	2006	91	PG-13
877	TAXI KICK	A Amazing Epistle of a Girl And a Woman who must Outrace a Waitress in Soviet Georgia	2006	64	PG-13
878	TEEN APOLLO	A Awe-Inspiring Drama of a Dog And a Man who must Escape a Robot in A Shark Tank	2006	74	G
879	TELEGRAPH VOYAGE	A Fateful Yarn of a Husband And a Dog who must Battle a Waitress in A Jet Boat	2006	148	PG
880	TELEMARK HEARTBREAKERS	A Action-Packed Panorama of a Technical Writer And a Man who must Build a Forensic Psychologist in A Manhattan Penthouse	2006	152	PG-13
881	TEMPLE ATTRACTION	A Action-Packed Saga of a Forensic Psychologist And a Woman who must Battle a Womanizer in Soviet Georgia	2006	71	PG
882	TENENBAUMS COMMAND	A Taut Display of a Pioneer And a Man who must Reach a Girl in The Gulf of Mexico	2006	99	PG-13
883	TEQUILA PAST	A Action-Packed Panorama of a Mad Scientist And a Robot who must Challenge a Student in Nigeria	2006	53	PG
884	TERMINATOR CLUB	A Touching Story of a Crocodile And a Girl who must Sink a Man in The Gulf of Mexico	2006	88	R
885	TEXAS WATCH	A Awe-Inspiring Yarn of a Student And a Teacher who must Fight a Teacher in An Abandoned Amusement Park	2006	179	NC-17
886	THEORY MERMAID	A Fateful Yarn of a Composer And a Monkey who must Vanquish a Womanizer in The First Manned Space Station	2006	184	PG-13
887	THIEF PELICAN	A Touching Documentary of a Madman And a Mad Scientist who must Outrace a Feminist in An Abandoned Mine Shaft	2006	135	PG-13
888	THIN SAGEBRUSH	A Emotional Drama of a Husband And a Lumberjack who must Build a Cat in Ancient India	2006	53	PG-13
889	TIES HUNGER	A Insightful Saga of a Astronaut And a Explorer who must Pursue a Mad Scientist in A U-Boat	2006	111	R
890	TIGHTS DAWN	A Thrilling Epistle of a Boat And a Secret Agent who must Face a Boy in A Baloon	2006	172	R
891	TIMBERLAND SKY	A Boring Display of a Man And a Dog who must Redeem a Girl in A U-Boat	2006	69	G
892	TITANIC BOONDOCK	A Brilliant Reflection of a Feminist And a Dog who must Fight a Boy in A Baloon Factory	2006	104	R
893	TITANS JERK	A Unbelieveable Panorama of a Feminist And a Sumo Wrestler who must Challenge a Technical Writer in Ancient China	2006	91	PG
894	TOMATOES HELLFIGHTERS	A Thoughtful Epistle of a Madman And a Astronaut who must Overcome a Monkey in A Shark Tank	2006	68	PG
895	TOMORROW HUSTLER	A Thoughtful Story of a Moose And a Husband who must Face a Secret Agent in The Sahara Desert	2006	142	R
896	TOOTSIE PILOT	A Awe-Inspiring Documentary of a Womanizer And a Pastry Chef who must Kill a Lumberjack in Berlin	2006	157	PG
897	TORQUE BOUND	A Emotional Display of a Crocodile And a Husband who must Reach a Man in Ancient Japan	2006	179	G
898	TOURIST PELICAN	A Boring Story of a Butler And a Astronaut who must Outrace a Pioneer in Australia	2006	152	PG-13
899	TOWERS HURRICANE	A Fateful Display of a Monkey And a Car who must Sink a Husband in A MySQL Convention	2006	144	NC-17
900	TOWN ARK	A Awe-Inspiring Documentary of a Moose And a Madman who must Meet a Dog in An Abandoned Mine Shaft	2006	136	R
901	TRACY CIDER	A Touching Reflection of a Database Administrator And a Madman who must Build a Lumberjack in Nigeria	2006	142	G
902	TRADING PINOCCHIO	A Emotional Character Study of a Student And a Explorer who must Discover a Frisbee in The First Manned Space Station	2006	170	PG
903	TRAFFIC HOBBIT	A Amazing Epistle of a Squirrel And a Lumberjack who must Succumb a Database Administrator in A U-Boat	2006	139	G
904	TRAIN BUNCH	A Thrilling Character Study of a Robot And a Squirrel who must Face a Dog in Ancient India	2006	71	R
905	TRAINSPOTTING STRANGERS	A Fast-Paced Drama of a Pioneer And a Mad Cow who must Challenge a Madman in Ancient Japan	2006	132	PG-13
906	TRAMP OTHERS	A Brilliant Display of a Composer And a Cat who must Succumb a A Shark in Ancient India	2006	171	PG
907	TRANSLATION SUMMER	A Touching Reflection of a Man And a Monkey who must Pursue a Womanizer in A MySQL Convention	2006	168	PG-13
908	TRAP GUYS	A Unbelieveable Story of a Boy And a Mad Cow who must Challenge a Database Administrator in The Sahara Desert	2006	110	G
909	TREASURE COMMAND	A Emotional Saga of a Car And a Madman who must Discover a Pioneer in California	2006	102	PG-13
910	TREATMENT JEKYLL	A Boring Story of a Teacher And a Student who must Outgun a Cat in An Abandoned Mine Shaft	2006	87	PG
911	TRIP NEWTON	A Fanciful Character Study of a Lumberjack And a Car who must Discover a Cat in An Abandoned Amusement Park	2006	64	PG-13
912	TROJAN TOMORROW	A Astounding Panorama of a Husband And a Sumo Wrestler who must Pursue a Boat in Ancient India	2006	52	PG
913	TROOPERS METAL	A Fanciful Drama of a Monkey And a Feminist who must Sink a Man in Berlin	2006	115	R
914	TROUBLE DATE	A Lacklusture Panorama of a Forensic Psychologist And a Woman who must Kill a Explorer in Ancient Japan	2006	61	PG
915	TRUMAN CRAZY	A Thrilling Epistle of a Moose And a Boy who must Meet a Database Administrator in A Monastery	2006	92	G
916	TURN STAR	A Stunning Tale of a Man And a Monkey who must Chase a Student in New Orleans	2006	80	G
917	TUXEDO MILE	A Boring Drama of a Man And a Forensic Psychologist who must Face a Frisbee in Ancient India	2006	152	R
918	TWISTED PIRATES	A Touching Display of a Frisbee And a Boat who must Kill a Girl in A MySQL Convention	2006	152	PG
919	TYCOON GATHERING	A Emotional Display of a Husband And a A Shark who must Succumb a Madman in A Manhattan Penthouse	2006	82	G
920	UNBREAKABLE KARATE	A Amazing Character Study of a Robot And a Student who must Chase a Robot in Australia	2006	62	G
921	UNCUT SUICIDES	A Intrepid Yarn of a Explorer And a Pastry Chef who must Pursue a Mad Cow in A U-Boat	2006	172	PG-13
922	UNDEFEATED DALMATIONS	A Unbelieveable Display of a Crocodile And a Feminist who must Overcome a Moose in An Abandoned Amusement Park	2006	107	PG-13
923	UNFAITHFUL KILL	A Taut Documentary of a Waitress And a Mad Scientist who must Battle a Technical Writer in New Orleans	2006	78	R
924	UNFORGIVEN ZOOLANDER	A Taut Epistle of a Monkey And a Sumo Wrestler who must Vanquish a A Shark in A Baloon Factory	2006	129	PG
925	UNITED PILOT	A Fast-Paced Reflection of a Cat And a Mad Cow who must Fight a Car in The Sahara Desert	2006	164	R
926	UNTOUCHABLES SUNRISE	A Amazing Documentary of a Woman And a Astronaut who must Outrace a Teacher in An Abandoned Fun House	2006	120	NC-17
927	UPRISING UPTOWN	A Fanciful Reflection of a Boy And a Butler who must Pursue a Woman in Berlin	2006	174	NC-17
928	UPTOWN YOUNG	A Fateful Documentary of a Dog And a Hunter who must Pursue a Teacher in An Abandoned Amusement Park	2006	84	PG
929	USUAL UNTOUCHABLES	A Touching Display of a Explorer And a Lumberjack who must Fight a Forensic Psychologist in A Shark Tank	2006	128	PG-13
930	VACATION BOONDOCK	A Fanciful Character Study of a Secret Agent And a Mad Scientist who must Reach a Teacher in Australia	2006	145	R
931	VALENTINE VANISHING	A Thrilling Display of a Husband And a Butler who must Reach a Pastry Chef in California	2006	48	PG-13
932	VALLEY PACKER	A Astounding Documentary of a Astronaut And a Boy who must Outrace a Sumo Wrestler in Berlin	2006	73	G
933	VAMPIRE WHALE	A Epic Story of a Lumberjack And a Monkey who must Confront a Pioneer in A MySQL Convention	2006	126	NC-17
934	VANILLA DAY	A Fast-Paced Saga of a Girl And a Forensic Psychologist who must Redeem a Girl in Nigeria	2006	122	NC-17
935	VANISHED GARDEN	A Intrepid Character Study of a Squirrel And a A Shark who must Kill a Lumberjack in California	2006	142	R
936	VANISHING ROCKY	A Brilliant Reflection of a Man And a Woman who must Conquer a Pioneer in A MySQL Convention	2006	123	NC-17
937	VARSITY TRIP	A Action-Packed Character Study of a Astronaut And a Explorer who must Reach a Monkey in A MySQL Convention	2006	85	NC-17
938	VELVET TERMINATOR	A Lacklusture Tale of a Pastry Chef And a Technical Writer who must Confront a Crocodile in An Abandoned Amusement Park	2006	173	R
939	VERTIGO NORTHWEST	A Unbelieveable Display of a Mad Scientist And a Mad Scientist who must Outgun a Mad Cow in Ancient Japan	2006	90	R
940	VICTORY ACADEMY	A Insightful Epistle of a Mad Scientist And a Explorer who must Challenge a Cat in The Sahara Desert	2006	64	PG-13
941	VIDEOTAPE ARSENIC	A Lacklusture Display of a Girl And a Astronaut who must Succumb a Student in Australia	2006	145	NC-17
942	VIETNAM SMOOCHY	A Lacklusture Display of a Butler And a Man who must Sink a Explorer in Soviet Georgia	2006	174	PG-13
943	VILLAIN DESPERATE	A Boring Yarn of a Pioneer And a Feminist who must Redeem a Cat in An Abandoned Amusement Park	2006	76	PG-13
944	VIRGIN DAISY	A Awe-Inspiring Documentary of a Robot And a Mad Scientist who must Reach a Database Administrator in A Shark Tank	2006	179	PG-13
945	VIRGINIAN PLUTO	A Emotional Panorama of a Dentist And a Crocodile who must Meet a Boy in Berlin	2006	164	R
946	VIRTUAL SPOILERS	A Fateful Tale of a Database Administrator And a Squirrel who must Discover a Student in Soviet Georgia	2006	144	NC-17
947	VISION TORQUE	A Thoughtful Documentary of a Dog And a Man who must Sink a Man in A Shark Tank	2006	59	PG-13
948	VOICE PEACH	A Amazing Panorama of a Pioneer And a Student who must Overcome a Mad Scientist in A Manhattan Penthouse	2006	139	PG-13
949	VOLCANO TEXAS	A Awe-Inspiring Yarn of a Hunter And a Feminist who must Challenge a Dentist in The Outback	2006	157	NC-17
950	VOLUME HOUSE	A Boring Tale of a Dog And a Woman who must Meet a Dentist in California	2006	132	PG
951	VOYAGE LEGALLY	A Epic Tale of a Squirrel And a Hunter who must Conquer a Boy in An Abandoned Mine Shaft	2006	78	PG-13
952	WAGON JAWS	A Intrepid Drama of a Moose And a Boat who must Kill a Explorer in A Manhattan Penthouse	2006	152	PG
953	WAIT CIDER	A Intrepid Epistle of a Woman And a Forensic Psychologist who must Succumb a Astronaut in A Manhattan Penthouse	2006	112	PG-13
954	WAKE JAWS	A Beautiful Saga of a Feminist And a Composer who must Challenge a Moose in Berlin	2006	73	G
955	WALLS ARTIST	A Insightful Panorama of a Teacher And a Teacher who must Overcome a Mad Cow in An Abandoned Fun House	2006	135	PG
956	WANDA CHAMBER	A Insightful Drama of a A Shark And a Pioneer who must Find a Womanizer in The Outback	2006	107	PG-13
957	WAR NOTTING	A Boring Drama of a Teacher And a Sumo Wrestler who must Challenge a Secret Agent in The Canadian Rockies	2006	80	G
958	WARDROBE PHANTOM	A Action-Packed Display of a Mad Cow And a Astronaut who must Kill a Car in Ancient India	2006	178	G
959	WARLOCK WEREWOLF	A Astounding Yarn of a Pioneer And a Crocodile who must Defeat a A Shark in The Outback	2006	83	G
960	WARS PLUTO	A Taut Reflection of a Teacher And a Database Administrator who must Chase a Madman in The Sahara Desert	2006	128	G
961	WASH HEAVENLY	A Awe-Inspiring Reflection of a Cat And a Pioneer who must Escape a Hunter in Ancient China	2006	161	R
962	WASTELAND DIVINE	A Fanciful Story of a Database Administrator And a Womanizer who must Fight a Database Administrator in Ancient China	2006	85	PG
963	WATCH TRACY	A Fast-Paced Yarn of a Dog And a Frisbee who must Conquer a Hunter in Nigeria	2006	78	PG
964	WATERFRONT DELIVERANCE	A Unbelieveable Documentary of a Dentist And a Technical Writer who must Build a Womanizer in Nigeria	2006	61	G
965	WATERSHIP FRONTIER	A Emotional Yarn of a Boat And a Crocodile who must Meet a Moose in Soviet Georgia	2006	112	G
966	WEDDING APOLLO	A Action-Packed Tale of a Student And a Waitress who must Conquer a Lumberjack in An Abandoned Mine Shaft	2006	70	PG
967	WEEKEND PERSONAL	A Fast-Paced Documentary of a Car And a Butler who must Find a Frisbee in A Jet Boat	2006	134	R
968	WEREWOLF LOLA	A Fanciful Story of a Man And a Sumo Wrestler who must Outrace a Student in A Monastery	2006	79	G
969	WEST LION	A Intrepid Drama of a Butler And a Lumberjack who must Challenge a Database Administrator in A Manhattan Penthouse	2006	159	G
970	WESTWARD SEABISCUIT	A Lacklusture Tale of a Butler And a Husband who must Face a Boy in Ancient China	2006	52	NC-17
971	WHALE BIKINI	A Intrepid Story of a Pastry Chef And a Database Administrator who must Kill a Feminist in A MySQL Convention	2006	109	PG-13
972	WHISPERER GIANT	A Intrepid Story of a Dentist And a Hunter who must Confront a Monkey in Ancient Japan	2006	59	PG-13
973	WIFE TURN	A Awe-Inspiring Epistle of a Teacher And a Feminist who must Confront a Pioneer in Ancient Japan	2006	183	NC-17
974	WILD APOLLO	A Beautiful Story of a Monkey And a Sumo Wrestler who must Conquer a A Shark in A MySQL Convention	2006	181	R
975	WILLOW TRACY	A Brilliant Panorama of a Boat And a Astronaut who must Challenge a Teacher in A Manhattan Penthouse	2006	137	R
976	WIND PHANTOM	A Touching Saga of a Madman And a Forensic Psychologist who must Build a Sumo Wrestler in An Abandoned Mine Shaft	2006	111	R
977	WINDOW SIDE	A Astounding Character Study of a Womanizer And a Hunter who must Escape a Robot in A Monastery	2006	85	R
978	WISDOM WORKER	A Unbelieveable Saga of a Forensic Psychologist And a Student who must Face a Squirrel in The First Manned Space Station	2006	98	R
979	WITCHES PANIC	A Awe-Inspiring Drama of a Secret Agent And a Hunter who must Fight a Moose in Nigeria	2006	100	NC-17
980	WIZARD COLDBLOODED	A Lacklusture Display of a Robot And a Girl who must Defeat a Sumo Wrestler in A MySQL Convention	2006	75	PG
981	WOLVES DESIRE	A Fast-Paced Drama of a Squirrel And a Robot who must Succumb a Technical Writer in A Manhattan Penthouse	2006	55	NC-17
982	WOMEN DORADO	A Insightful Documentary of a Waitress And a Butler who must Vanquish a Composer in Australia	2006	126	R
983	WON DARES	A Unbelieveable Documentary of a Teacher And a Monkey who must Defeat a Explorer in A U-Boat	2006	105	PG
984	WONDERFUL DROP	A Boring Panorama of a Woman And a Madman who must Overcome a Butler in A U-Boat	2006	126	NC-17
985	WONDERLAND CHRISTMAS	A Awe-Inspiring Character Study of a Waitress And a Car who must Pursue a Mad Scientist in The First Manned Space Station	2006	111	PG
986	WONKA SEA	A Brilliant Saga of a Boat And a Mad Scientist who must Meet a Moose in Ancient India	2006	85	NC-17
987	WORDS HUNTER	A Action-Packed Reflection of a Composer And a Mad Scientist who must Face a Pioneer in A MySQL Convention	2006	116	PG
988	WORKER TARZAN	A Action-Packed Yarn of a Secret Agent And a Technical Writer who must Battle a Sumo Wrestler in The First Manned Space Station	2006	139	R
989	WORKING MICROCOSMOS	A Stunning Epistle of a Dentist And a Dog who must Kill a Madman in Ancient China	2006	74	R
990	WORLD LEATHERNECKS	A Unbelieveable Tale of a Pioneer And a Astronaut who must Overcome a Robot in An Abandoned Amusement Park	2006	171	PG-13
991	WORST BANGER	A Thrilling Drama of a Madman And a Dentist who must Conquer a Boy in The Outback	2006	185	PG
992	WRATH MILE	A Intrepid Reflection of a Technical Writer And a Hunter who must Defeat a Sumo Wrestler in A Monastery	2006	176	NC-17
993	WRONG BEHAVIOR	A Emotional Saga of a Crocodile And a Sumo Wrestler who must Discover a Mad Cow in New Orleans	2006	178	PG-13
994	WYOMING STORM	A Awe-Inspiring Panorama of a Robot And a Boat who must Overcome a Feminist in A U-Boat	2006	100	PG-13
995	YENTL IDAHO	A Amazing Display of a Robot And a Astronaut who must Fight a Womanizer in Berlin	2006	86	R
996	YOUNG LANGUAGE	A Unbelieveable Yarn of a Boat And a Database Administrator who must Meet a Boy in The First Manned Space Station	2006	183	G
997	YOUTH KICK	A Touching Drama of a Teacher And a Cat who must Challenge a Technical Writer in A U-Boat	2006	179	NC-17
998	ZHIVAGO CORE	A Fateful Yarn of a Composer And a Man who must Face a Boy in The Canadian Rockies	2006	105	NC-17
999	ZOOLANDER FICTION	A Fateful Reflection of a Waitress And a Boat who must Discover a Sumo Wrestler in Ancient China	2006	101	R
1000	ZORRO ARK	A Intrepid Panorama of a Mad Scientist And a Boy who must Redeem a Boy in A Monastery	2006	50	NC-17