<?xml version='1.0' encoding='utf-8'?>
<!DOCTYPE hibernate-configuration PUBLIC
        "-//Hibernate/Hibernate Configuration DTD//EN"
        "http://www.hibernate.org/dtd/hibernate-configuration-3.0.dtd">
<hibernate-configuration>
    <session-factory>
        <property name="connection.url">jdbc:sqlite:orm.db</property>
        <property name="connection.driver_class">org.sqlite.JDBC</property>
        <property name="dialect">org.hibernate.dialect.SQLiteDialect</property>
        <property name="connection.username"></property>
        <property name="connection.password"></property>

        <!-- DB schema will be updated if needed -->
        <property name="hbm2ddl.auto">update</property>
        <property name="show_sql">true</property>
        <property name="format_sql">true</property>

        <mapping class="pl.edu.agh.iisg.to.model.Student"></mapping>
        <mapping class="pl.edu.agh.iisg.to.model.Course"></mapping>
        <mapping class="pl.edu.agh.iisg.to.model.Grade"></mapping>
    </session-factory>
</hibernate-configuration>