<component name="ProjectRunConfigurationManager">
  <configuration default="false" name="SchoolDemo" type="Application" factoryName="Application" nameIsGenerated="true">
    <option name="MAIN_CLASS_NAME" value="pl.edu.agh.school.demo.SchoolDemo" />
    <module name="lab-ioc.main" />
    <option name="VM_PARAMETERS" value="--add-opens=java.base/java.lang=ALL-UNNAMED" />
    <extension name="coverage">
      <pattern>
        <option name="PATTERN" value="pl.edu.agh.school.demo.*" />
        <option name="ENABLED" value="true" />
      </pattern>
    </extension>
    <method v="2">
      <option name="Make" enabled="true" />
    </method>
  </configuration>
</component>